c_id,year_start,month_start,year_end,month_end,start_date,end_date,end_date_or_current,conflict_duration_months_actual_or_err,conflict_duration_months_actual,conflict_expected_duration_mean,conflict_duration_guess,isContinuing,pre_1990,1990_2000,2000_2010,2010_2020,2020_2030,conflict_name_ru,conflict_name_en,conflict_type,conflict_type_intra,conflict_type_extra,conflict_type_inter,conflict_type_non,conflict_type_minor,CASUALTIES_MAX,COW INTRASTATE,COW EXTRASTATE,COW NONSTATE,COW INTERSTATE,type_intrastate,type_interstate,type_extrastate,type_nonstate,type_minor,type_multilevel,type_interelite,type_unrest,conflict_cause,cause_political,cause_separatism,cause_ethnic,cause_religious,cause_international,cause_crime,cause_complex,conflict_place_ccode,,conflict_place_name,cow_war_num,cow_war_name,cow_relation,csp_id,csp_description,csp_relation,uppsala_conflict_id,uppsala_relation,hum_crisis,interventions,intruders_new,intruders_new_n,intervention_new,no_int_but_peacekeep,intruders_new_auspecies,intruder,peacekeeping,intervention,intervention_humanitarian,intruder_possible,source_main,battle_deaths_total,year_start,month_start,year_end,month_end,,source,note
c040,1948,3,ongoing as of 31.05.2023,ongoing as of 31.05.2023,01/03/1948,#VALUE!,31/05/2023,-1,902,902,902,TRUE,1,1,1,1,1,Гражданская война в Мьянме,"Civil War in Myanmar (Ethnic war (Karen, Shan, and others))",Intra-state war,1.0,0.0,0.0,0.0,0.0,1163.0,FALSE,FALSE,FALSE,FALSE,0,1,0,0,0,0,0,0,political,1,0,0,0,0,0,0,775,,"Мьянма, штаты Качин и Шан",980,Kachin Rebellion of 2011-2013,2,csp023,"Ethnic war (Karen, Shan, and others)",1,uppsala221,1,,,,0,0,0,,Таиланд,0,1,0,0,CSP,115000,csp,csp,csp,csp,,,
c044,1961,1,1993,3,01/01/1961,28/03/1993,28/03/1993,386,386,386,386,FALSE,1,1,0,0,0,Восстание иракских курдов,Iraqi Kurds Uprising,Intra-state war,1.0,0.0,0.0,0.0,0.0,21790.0,FALSE,FALSE,FALSE,FALSE,0,1,0,0,0,0,0,0,separatism,0,1,0,0,0,0,0,645,,Северный Ирак,477,First PKK in Iraq,2,csp077,Ethnic warfare (Kurds),1,uppsala271,3,0,i00501,Турция,1,1,0,Turkey,Турция,0,1,0,,CSP,150000,csp,csp,csp,csp,,https://www.hrw.org/reports/1993/WR93/Mew-04.htm#P230_105786,"Ввод войск Турции в Ирак в COW кодируется отдельно, но рассматривается в таблице в качестве интервенции"
c105,1963,5,ongoing as of 31.05.2023,ongoing as of 31.05.2023,01/05/1963,#VALUE!,31/05/2023,-1,720,720,720,TRUE,1,1,1,1,1,Восстание в Западном Папуа (Конфликт в Западном Папуа),Papua Uprising (Papua Conflict) (Ethnic warfare (Papuan-West Irian)),Minor armed conflict,0.0,0.0,0.0,0.0,1.0,935.0,FALSE,FALSE,FALSE,FALSE,0,0,0,0,1,0,0,0,separatism,0,1,0,0,0,0,0,850,,"Индонезия, Западный Папуа",771.5; 806.3,First West Papua War of 1967-1968; Second West Papua War of 1977-1978,2,csp090,Ethnic warfare (Papuan-West Irian),1,uppsala291,1,,,,0,0,0,,0,0,0,0,Австралия,CSP,15000,csp,csp,csp,csp,,,Не рассматривается вмешательство внешних сил до 1992 года
c106,1969,1,1994,8,01/01/1969,28/08/1994,28/08/1994,307,307,371,307,FALSE,1,1,0,0,0,Восстание в Северной Ирландии (Конфликт в Северной Ирландии),Northern Ireland Uprising (Ethnic violence (Northern Ireland/IRA)),Minor armed conflict,0.0,0.0,0.0,0.0,1.0,44.0,FALSE,FALSE,FALSE,FALSE,0,0,0,0,1,0,0,0,separatism,0,1,0,0,0,0,0,200,,"Великобритания, Северная Ирландия",n/a,n/a,0,csp119,Ethnic violence (Northern Ireland/IRA),1,uppsala315,3,,,,0,0,0,,0,0,0,0,0,CSP,3000,csp,csp,csp,csp,,,"Не рассматривается вмешательство внешних сил в конфликт из-за того, что он уже подходил к зхавершению по состоянию на 1992 год"
c037,1972,9,ongoing as of 31.05.2023,ongoing as of 31.05.2023,01/09/1972,#VALUE!,31/05/2023,-1,608,608,608,TRUE,1,1,1,1,1,Война с Новой Народной Армией на Филиппинах,War with the new People's Army in the Philippines,Intra-state war,1.0,0.0,0.0,0.0,0.0,1514.0,FALSE,FALSE,FALSE,FALSE,0,1,0,0,0,0,0,0,political,1,0,0,0,0,0,0,840,,Филиппины,n/a,n/a,0,csp131; csp132,Civil warfare (New Peoples Army); Ethnic warfare (Moros),2,uppsala209,2,0,,,0,0,0,,0,0,0,0,,none,none,none,none,none,none,,https://www.hrw.org/news/2012/04/18/philippines-peoples-courts-or-cold-blooded-murder,"По данным COW - конфликт завершился в 1992, однако, он продолжается по состоянию на 2020 год. Сообщение HRW указывает на нарушения прав человека, но их масштаб не позволяет говорить о гуманитарном кризисе. "
c107,1975,8,1992,8,01/08/1975,28/08/1992,28/08/1992,204,204,296,204,FALSE,1,1,0,0,0,Восстание в Читтагонгском горном районе (Конфликт в Читтагонгском горном районе),Uprising in the Chittagong mountain district (Ethnic war (Chittagong Hills)),Minor armed conflict,0.0,0.0,0.0,0.0,1.0,62.0,FALSE,FALSE,FALSE,FALSE,0,0,0,0,1,0,0,0,separatism,0,1,0,0,0,0,0,771,,"Бангладеш, Читтагонгский горный район",n/a,n/a,0,csp148,Ethnic war (Chittagong Hills),1,n/a,0,,,,0,0,0,,0,0,0,0,0,CSP,25000,csp,csp,csp,csp,,,"Не рассматривается вмешательство внешних сил в конфликт из-за того, что он уже подходил к завершению по состоянию на 1992 год"
c108,1975,11,2005,7,01/11/1975,28/07/2005,28/07/2005,356,356,386,356,FALSE,1,1,1,0,0,"Восстание в Кабинде (Конфликт в Кабинде, Кабиндская война)",Cabinda war (Civil violence (Cabinda separatists; FLEC)),Intra-state war,1.0,0.0,0.0,0.0,0.0,12054.0,FALSE,FALSE,FALSE,FALSE,0,1,0,0,0,0,0,0,separatism,0,1,0,0,0,0,0,540,,"Ангола, регион Кабинда",907,Third Angolan War of 1998-2002,4,csp150,Civil violence (Cabinda separatists; FLEC),1,uppsala387,1,,,Куба,1,1,0,,Куба,0,1,0,0,CSP,3500,csp,csp,csp,csp,,,Вооруженное вмешательство Кубы было осуществлено до 1992 года и не включается в базу
c003,1978,4,ongoing as of 31.05.2023,ongoing as of 31.05.2023,01/04/1978,#VALUE!,31/05/2023,-1,541,541,541,TRUE,1,1,1,1,1,Гражданская война в Афганистане,Civil War in Afghanistan (Afghanistan Conflict),Extra-state war,0.0,1.0,0.0,0.0,0.0,35328.0,FALSE,FALSE,FALSE,FALSE,0,0,1,0,0,0,0,0,political,1,0,0,0,0,0,0,700,,Афганистан,851; 877.5; 225; 481; 991.4,Second Afghan Civil War of 1989-1992; Afghanistan Post-Communist War of 1992-2001; Invasion of Afghanistan; Afghan Resistance; Afghan-Taliban War of 2014-ongoing,2,csp170; csp290; csp306,Civil war; Ouster of Taliban and continuing civil war; Stabilization operation in Afghanistan (FDI event),2,uppsala333,1,1,"i03801, i04801, i04802, i04803m, i04804m, i04805m, i04806m, i04807m, i04808m, i04809m, i04810m, i04811m, i04812m, i04813m, i04814m, i04815m, i04816m, i04817m, i04818m, i04819m, i04820m, i04821m, i04822m, i04823m, i04824m, i04825m, i04826m, i04827m, i04828m, i04829m, i04830m, i04831m, i04832m, i04833m, i04834m, i04835m, i04836m, i04837m","СССР, Пакистан, США, Великобритания, Германия, Канада, Нидерланды, Италия, Франция, Турция, Румыния, Испания, Австралия, Дания, Норвегия, Бельгия, Венгрия, Швеция, Греция, Польша, Чехия, Португалия, Хорватия, Литва, Северная Македония, Болгария, Новая Зеландия, Эстония, Финляндия, Словакия, Словения, Латвия, Албания, Азербайджан, Ирландия, Люксембург, Австрия, Исландия, Швейцария",39,1,0,"Pakistan , NATO, NATO","СССР, США, НАТО, Пакистан",0,1,0,,UPP,нужно разбираться с уппсалой,уппсалой,уппсалой,уппсалой,уппсалой,,https://www.amnesty.org/download/Documents/176000/asa110021995en.pdf ; https://www.un.org/press/en/2002/sc7266.doc.htm ; https://www.hrw.org/legacy/wr2k2/asia1.html ,"Вторжение США в Афганистан в COW кодируется отдельно, но рассматривается в таблице в качестве интервенции"
c110,1979,10,1992,2,01/10/1979,28/02/1992,28/02/1992,148,148,254,148,FALSE,1,1,0,0,0,Гражданская война на Сальвадоре,Civil War in Salvador (El Salvador War),Intra-state war,1.0,0.0,0.0,0.0,0.0,4924.0,El Salvador War of 1979-1992,#N/A,#N/A,#N/A,0,1,0,0,0,0,0,0,political,1,0,0,0,0,0,0,92,,Сальвадор,817,El Salvador War of 1979-1992,1,csp175,Civil war (FMLN),1,n/a,0,,,,0,0,0,,0,0,0,0,0,COW,24000,1979,10,1992,2,,,"Внешние игроки оказывали поддержку без прямого вооруженного вмешательства. Поддержку начали оказывать до 1992 г., поэтому как нон-кейсы не учитываются."
c111,1981,4,1992,10,01/04/1981,28/10/1992,28/10/1992,138,138,237,138,FALSE,1,1,0,0,0,Гражданская война в Мозамбике,Civil War in Mozambique (Mozambique War),Intra-state war,1.0,0.0,0.0,0.0,0.0,1577.0,Mozambique War of 1981-1992,#N/A,#N/A,#N/A,0,1,0,0,0,0,0,0,political,1,0,0,0,0,0,0,541,,Мозамбик,825,Mozambique War of 1981-1992,1,csp189,Civil war (RENAMO),1,uppsala332,3,,,"Зимбабве, Танзания, Малави",3,1,0,,"Зимбабве, Танзания, Малави",0,1,0,0,COW,20560,1981,4,1992,10,,,Вмешательство до 1992 года
c038,1982,11,1992,9,01/11/1982,28/09/1992,28/09/1992,118,118,211,118,FALSE,1,1,0,0,0,Война с партией Сияющий Путь (Сендеро Луминосо) в Перу,Shining Path War,Intra-state war,1.0,0.0,0.0,0.0,0.0,1827.0,Shining Path War of 1982-1992,#N/A,#N/A,#N/A,0,1,0,0,0,0,0,0,political,1,0,0,0,0,0,0,135,,Перу,829,Shining Path War of 1982-1992,1,csp193,Civil violence (Sendero Luminoso),3,uppsala292,3,0,,,0,0,0,,0,0,0,0,,COW,12708,1982,11,1992,9,,https://www.hrw.org/sites/default/files/reports/SKMBT_55213062512100.pdf,"По данным COW - конфликт завершился в 1992, однако, он продолжается (в виде конфликта низкой интенсивности) по состоянию на 2020 год. Тем не менее, в 1992 произошло снижение активности боевых действий, поэтому временные границы согласно COW сохраняются и в данной таблице. Сообщение HRW указывает на нарушения прав человека, но их масштаб не позволяет говорить о гуманитарном кризисе. "
c001,1983,7,2002,3,01/07/1983,28/03/2002,28/03/2002,224,224,308,224,FALSE,1,1,1,0,0,Восстание Тигров Освобождения Тамил-Илама (Первая война с Тиграми Освобождения Тамил-Илама на Шри-Ланке),Liberation Tigers of Tamil Eelam Uprising (Ealam War),Intra-state war,1.0,0.0,0.0,0.0,0.0,10165.0,FALSE,FALSE,FALSE,FALSE,0,1,0,0,0,0,0,0,separatism,0,1,0,0,0,0,0,780,,Шри-Ланка,859,Second Sri Lanka Tamil War of 1990-2001,2,csp199,Ethnic war (Tamils),3,uppsala352,2,1,,Индия,1,1,0,,Индия,1,1,1,,none,none,none,none,none,none,,https://tbinternet.ohchr.org/Treaties/CCPR/Shared%20Documents/LKA/INT_CCPR_CSS_LKA_18262_E.pdf,"В конфликт вмешалась Индия в 1987 году. Данная интервенция завершилась в 1990, однако, поскольку анализ начинается с 1992 года, она не включается в дальнейший анализ. "
c002,1983,5,2005,9,01/05/1983,28/09/2005,28/09/2005,268,268,336,268,FALSE,1,1,1,0,0,Вторая гражданская война в Судане,Second Civil War in Sudan (Second South Sudan War),Intra-state war,1.0,0.0,0.0,0.0,0.0,4891.0,Second South Sudan War of 1983-2002,#N/A,#N/A,#N/A,0,1,0,0,0,0,0,0,"complex (political, ethnic and separatism)",1,1,1,0,0,0,1,625,,Судан,834,Second South Sudan War of 1983-2002,1,csp200,Ethnic war (Islamic v African),2,uppsala309,3,1,"i02301, i02401, i02701, i05101","Эфиопия, Эритрея, Уганда, Уганда",4,1,0,"Ad hoc coalition, Ad hoc coalition, Ad hoc coalition, Уганда","ООН, АС, Эфиопия, Уганда",1,1,,,COW,100000,1983,5,1991,9,,https://www.hrw.org/reports/2003/sudan1103/sudanprint.pdf,Вмешательство Китая в конфликт имело ограниченное военное измерение и не оценивается как интервенция. Вмешательство Эфиопии и Уганды началось еще до 1992 года и не включается в анализ.
c039,1987,12,1994,4,01/12/1987,28/04/1994,28/04/1994,76,76,187,76,FALSE,1,1,0,0,0,Конфликт между Африканским Национальным Конгрессом и Партией свободы Инката в ЮАР,The Conflict between the African National Congress and the Freedom Party in South Africa (Inkatha-ANC War),Intra-state war,1.0,0.0,0.0,0.0,0.0,7000.0,Inkatha-ANC War of 1987-1994,#N/A,#N/A,#N/A,0,1,0,0,0,0,0,0,political,1,0,0,0,0,0,0,560,,ЮАР,846,Inkatha-ANC War of 1987-1994,1,csp197,Ethnic/civil warfare,3,n/a,0,0,,,0,0,0,,0,0,0,0,,COW,13000,1987,12,1994,4,,https://www.hrw.org/reports/1993/southafrica2/,
c041,1988,8,ongoing as of 31.05.2023,-7,01/08/1988,#VALUE!,31/05/2023,-1,417,417,417,TRUE,1,1,1,1,1,"Гражданская война в Колумбии (Восстание РВСК, НАО)","Civil War in Colombia (FARC uprising, ELN) (FARC/ELN War)",Intra-state war,1.0,0.0,0.0,0.0,0.0,2751.0,FARC/ELN War of 1988-present,#N/A,#N/A,#N/A,0,1,0,0,0,0,0,0,political,1,0,0,0,0,0,0,100,,Колумбия,849,FARC/ELN War of 1988-present,1,csp151,"Civil violence, land reform, and drug trafficking (left: ELN, FARC, ELP, MAO, M-19; right: MAS, AUC)",3,uppsala289,3,1,,,0,0,0,,0,0,0,0,,COW,36288,1988,8,-7,-7,,https://www.unfpa.org/data/emergencies/colombia-humanitarian-emergency,
c142,1988,11,1998,4,01/11/1988,28/04/1998,28/04/1998,113,113,206,113,FALSE,1,1,0,0,0,Восстание в Бугенвиле (Конфликт в Бугенвиле),Bougainville Uprising (Bougainville Сonflict) (Bougainville Civil War),Minor armed conflict,0.0,0.0,0.0,0.0,1.0,78.0,FALSE,FALSE,FALSE,FALSE,0,0,0,0,1,0,0,0,separatism,0,1,0,0,0,0,0,910,,"Папуа - Новая Гвинея, Бугенвиль",n/a,n/a,0,n/a,n/a,n/a,uppsala369,2,,,,0,0,1,,"Коалиция (Австралия, Новая Зеландия, Фиджи, Вануату)",1,0,0,0,none,none,none,none,none,none,,,
c112,1989,7,1993,6,01/07/1989,28/06/1993,28/06/1993,47,47,137,47,FALSE,1,1,0,0,0,Этнический конфликт в Пенджабе,Uprising in Punjab (Ethnic Conflict in Punjab) (Punjab Rebellion),Intra-state war,1.0,0.0,0.0,0.0,0.0,2673.0,Punjab Rebellion of 1989-1993,#N/A,#N/A,#N/A,0,1,0,0,0,0,0,0,separatism,0,1,0,0,0,0,0,750,,"Индия, Пенджаб",853,Punjab Rebellion of 1989-1993,1,csp196,Ethnic warfare (Sikhs),3,uppsala351,3,,,,0,0,0,,0,0,0,0,0,COW,7500,1989,7,1993,6,,,"Не рассматривается вмешательство внешних сил в конфликт из-за того, что он уже подходил к завершению по состоянию на 1992 год"
c042,1990,1,ongoing as of 31.05.2023,ongoing as of 31.05.2023,01/01/1990,#VALUE!,31/05/2023,-1,400,400,400,TRUE,0,1,1,1,1,Восстание в Джамму и Кашмир,Uprising in Jammu and Kashmir,Intra-state war,1.0,0.0,0.0,0.0,0.0,2673.0,FALSE,FALSE,FALSE,FALSE,0,1,0,0,0,0,0,0,separatism,0,1,0,0,0,0,0,750,,"Индия, Джамму и Кашмир",874,Kashmir Insurgency of 1992-2005,2,csp040,Ethnic war (northeast tribals; Assam separatists),3,uppsala364,3,1,,,0,0,0,,0,0,0,0,,none,none,none,none,none,none,,https://www.amnesty.org/download/Documents/176000/asa200021995en.pdf,
c113,1990,2,1997,11,01/02/1990,28/11/1997,28/11/1997,93,93,192,93,FALSE,0,1,0,0,0,Восстание Туарегов в Нигере и Мали,Tuareg Uprising in Niger and Mali,Minor armed conflict,0.0,0.0,0.0,0.0,1.0,836.0,FALSE,FALSE,FALSE,FALSE,0,0,0,0,1,0,0,0,separatism,0,1,0,0,0,0,0,432; 436,,Северный Мали; Нигер,n/a,n/a,0,csp227; csp229,Ethnic violence (Tuareg),2,uppsala372,4,,,,0,0,0,,0,0,0,0,Франция,none,none,none,none,none,none,,,
c005,1991,9,1997,12,01/09/1991,28/12/1997,28/12/1997,75,75,183,75,FALSE,0,1,0,0,0,Вторая война в Сомали,Second Somalia War,Intra-state war,1.0,0.0,0.0,0.0,0.0,8005.0,Second Somalia War of 1991-1997,#N/A,#N/A,#N/A,0,1,0,0,0,0,0,0,political,1,0,0,0,0,0,0,520,,Сомали,865.8,Second Somalia War of 1991-1997,1,csp217,Civil war,3,uppsala337,4,1,i00601,США,1,1,0,,ООН,1,1,1,,COW,32070,1991,9,1997,12,,https://www.hrw.org/reports/1993/WR93/Afw-08.htm#P365_144767,
c006,1991,12,1992,7,01/12/1991,28/07/1992,28/07/1992,7,7,76,7,FALSE,0,1,0,0,0,Восстание в Приднестровье (Война в Приднестровье),Transnistria Uprising (Dniestrian Independence War),Intra-state war,1.0,0.0,0.0,0.0,0.0,585.0,Dniestrian Independence War of 1991-1992,#N/A,#N/A,#N/A,0,1,0,0,0,0,0,0,separatism,0,1,0,0,0,0,0,359,,"Молдова, Приднестровье",873,Dniestrian Independence War of 1991-1992,1,csp241,Ethnic violence (Trans-Dniester Russians),3,uppsala394,2,1,i00301,Россия,1,1,0,UN,"Россия, Совместные миротворческие силы",1,1,1,,COW,1000,1991,12,1992,7,,https://www.hrw.org/reports/1993/WR93/Hsw-07.htm#P315_106925,"Хотя гуманитарные цели не декларировались, они были основными согласно интервью тех, кто участвовал в процессе принятия решений. Главное, что позволяет считать данную интервенцию гуманитарной: не ставилось никаких других целей (поддержка законного правительства, обеспечение сецессии или борьба с терроризмом), которые могут служить другими поводами к интервенции."
c043,1991,7,1999,11,01/07/1991,28/11/1999,28/11/1999,100,100,197,100,FALSE,0,1,0,0,0,Курдское восстание в Турции (Вторая Турко-Курдская война),Kurds Uprising in Turkey (Turkey-PKK War),Intra-state war,1.0,0.0,0.0,0.0,0.0,4336.0,Turkey-PKK War of 1991-1999,#N/A,#N/A,#N/A,0,1,0,0,0,0,0,0,separatism,0,1,0,0,0,0,0,640,,Турция,865,Turkey-PKK War of 1991-1999,1,csp203,Ethnic warfare (Kurds),3,uppsala354,3,0,,,0,0,0,Russia,0,0,0,0,,COW,28057,1991,7,1999,11,,"https://www.hrw.org/reports/1992/WR92/HSW-06.htm#P744_222349 , https://www.hrw.org/reports/1996/WR96/Helsinki-19.htm#P960_193943","Доклады Human Rights Watch указывают на нарушени прав человека, однако, их масштаб не указывает на гуманитарный кризис."
c045,1991,9,1992,3,01/09/1991,28/03/1992,28/03/1992,6,6,72,6,FALSE,0,1,0,0,0,Война между Динка и Нуэр в Судане,Dink-Nuer War in Sudan (SPLM/A Division (Dinka-Nuer) War of 1991-1992),Intra-state war,1.0,0.0,0.0,0.0,0.0,4891.0,SPLM/A Division (Dinka-Nuer) War of 1991-1992,#N/A,#N/A,#N/A,0,1,0,0,0,0,0,0,ethnic,0,0,1,0,0,0,0,625,,Юг Судана,866,SPLM/A Division (Dinka-Nuer) War of 1991-1992,1,csp200,Ethnic war (Islamic v African),3,uppsala309,3,1,,,0,0,0,,0,0,0,0,,COW,1200,1991,9,1992,3,,https://www.amnesty.org/download/Documents/POL1000011992ENGLISH.PDF,Конфликт был непродолжителен и не включается в дальнейший анализ.
c046,1991,1,1992,6,01/01/1991,28/06/1992,28/06/1992,17,17,92,17,FALSE,0,1,0,0,0,Южноосетинкское восстание (Южноосетинская война),South Ossetian Uprising (South Ossetia War),Extra-state war,0.0,1.0,0.0,0.0,0.0,1611.0,FALSE,FALSE,FALSE,FALSE,0,0,1,0,0,0,0,0,separatism,0,1,0,0,0,0,0,372,,"Южная Осетия, Грузия",871,Georgia War of 1991-1993,3,csp237; csp236,Ethnic war (Abkhazians-Ossetians); Civil war,3,uppsala393,2,0,,,0,0,1,,Объединенные миротворческие силы,1,0,0,,none,none,none,none,none,none,,"https://www.amnesty.org/download/Documents/POL1000011993ENGLISH.PDF , https://www.hrw.org/reports/1993/WR93/index.htm","Доклад Amnesty International не указывают на насилие в Южной Осетии, а в докладе HRW Грузия полностью отсутствует."
c047,1991,10,1992,3,01/10/1991,28/03/1992,28/03/1992,5,5,71,5,FALSE,0,1,0,0,0,Война между народами Тив и Джукун в Нигерии,Jukun - Tiv War,Intra-state war,1.0,0.0,0.0,0.0,0.0,4780.0,Jukun - Tiv War of 1991-1992,#N/A,#N/A,#N/A,0,1,0,0,0,0,0,0,ethnic,0,0,1,0,0,0,0,475,,"Нигерия, штаты Бенуэ и Плато",868,Jukun - Tiv War of 1991-1992,1,n/a,n/a,0,n/a,0,0,,,0,0,0,,0,0,0,0,,COW,1000,1991,10,1992,3,,https://www.hrw.org/reports/1993/WR93/Afw-07.htm#P326_127333,Формулировки не указывают напрямую на наличие гуманитарного кризиса.
c048,1991,12,1993,2,01/12/1991,28/02/1993,28/02/1993,14,14,88,14,FALSE,0,1,0,0,0,Восстание в Нагорном Карабахе (Война в Нагорном Карабахе),Nagorno-Karabakh Uprising (Nagorno-Karabakh War),Intra-state war,1.0,0.0,0.0,0.0,0.0,7646.0,Nagorno-Karabakh War of 1991-1993,#N/A,#N/A,#N/A,0,1,0,0,0,0,0,0,separatism,0,1,0,0,0,0,0,373,,"Нагорный Карабах, Азербайджан",872,Nagorno-Karabakh War of 1991-1993,1,csp215,Ethnic War (Nagorno-Karabakh),3,uppsala388,3,1,,,0,0,0,,0,0,0,0,,COW,7000,1991,12,1993,2,,https://www.hrw.org/reports/1994/WR94/Helsinki-03.htm#P102_40747,
c049,1991,5,1992,1,01/05/1991,28/01/1992,28/01/1992,8,8,78,8,FALSE,0,1,0,0,0,Война за независимость Хорватии,Croatian Independence War,Intra-state war,1.0,0.0,0.0,0.0,0.0,2958.0,Croatian Independence War of 1991-1992,#N/A,#N/A,#N/A,0,1,0,0,0,0,0,0,separatism,0,1,0,0,0,0,0,345,,"Югославия, Хорватия",864,Croatian Independence War of 1991-1992,1,csp232,Civil war (Croatian independence),2,uppsala390,3,1,,,0,0,1,,ООН,1,0,0,,COW,3000,1991,5,1992,1,,https://www.hrw.org/reports/1993/WR93/Hsw-10.htm#P671_238252,
c114,1991,10,1993,9,01/10/1991,28/09/1993,28/09/1993,23,23,98,23,FALSE,0,1,0,0,0,Земельный конфликт между Календжин и Масаи в Кении,"Land conflict in Kenya (Ethnic violence (Kalenjin, Masai, Kikuyu, Luo))",Minor armed conflict,0.0,0.0,0.0,0.0,1.0,94.0,FALSE,FALSE,FALSE,FALSE,0,0,0,0,1,0,0,0,ethnic,0,0,1,0,0,0,0,501,,"Кения, провинция Рифт-Валли",n/a,n/a,0,csp238,"Ethnic violence (Kalenjin, Masai, Kikuyu, Luo)",1,n/a,0,,,,0,0,0,,0,0,0,0,0,CSP,2000,csp,csp,csp,csp,,,
c115,1991,10,1994,12,01/10/1991,28/12/1994,28/12/1994,38,38,124,38,FALSE,0,1,0,0,0,Гражданская война в Джибути (Восстание Фронта за восстановление единства и демократии),Civil War in Djibuti (FRUD rebellion),Minor armed conflict,0.0,0.0,0.0,0.0,1.0,129.0,FALSE,FALSE,FALSE,FALSE,0,0,0,0,1,0,0,0,political,1,0,0,0,0,0,0,522,,Северный Джибути,n/a,n/a,0,csp239,FRUD rebellion,1,uppsala379,1,,,,0,0,0,,0,0,0,0,Франция,CSP,1000,csp,csp,csp,csp,,,
c116,1991,1,1993,6,01/01/1991,28/06/1993,28/06/1993,29,29,107,29,FALSE,0,1,0,0,0,Первая война за Сомалиленд,First Somaliland War,Non-state war,0.0,0.0,0.0,1.0,0.0,8005.0,FALSE,FALSE,FALSE,FALSE,0,0,0,1,0,0,0,0,political,1,0,0,0,0,0,0,520,,"Сомали, Сомалиленд",874.5,First Somaliland War of 1992,3,csp217,Civil war,3,uppsala337,3,,,,0,0,0,,0,0,0,0,,none,none,none,none,none,none,,,"Была попытка направить 350 миротворцев ООН, см. https://sites.tufts.edu/wpf/files/2019/12/Patterns-of-Violence-in-Somalia.pdf#page=28 "
c007,1992,5,1997,6,01/05/1992,28/06/1997,28/06/1997,61,61,156,61,FALSE,0,1,0,0,0,Гражданская война в Таджикистане,Tajikistan Civil War,Intra-state war,1.0,0.0,0.0,0.0,0.0,3355.0,Tajikistan War of 1992-1997,#N/A,#N/A,#N/A,0,1,0,0,0,0,0,0,political,1,0,0,0,0,0,0,702,,Таджикистан,876,Tajikistan War of 1992-1997,1,csp247,Civil warfare,3,uppsala395,3,1,i00401,Россия,1,1,0,СНГ,"Россия, СНГ, ООН",1,1,0,,COW,10000,1992,5,1997,6,,https://www.un.org/en/sc/repertoire/89-92/Chapter%208/ASIA/item%2016_Tajikistan_.pdf,Интервенции проводились с целью защиты региональной стабильности
c008,1992,1,1995,12,01/01/1992,28/12/1995,28/12/1995,47,47,137,47,FALSE,0,1,0,0,0,Боснийская война (Восстание Республики Сербской и война за независимость Боснии),Bosnia War (Bosnian-Serb Uprising and Bosnian Independence War),Extra-state war,0.0,1.0,0.0,0.0,0.0,16782.0,FALSE,FALSE,FALSE,FALSE,0,0,1,0,0,0,0,0,separatism,0,1,0,0,0,0,0,346,,Босния и Герцеговина,877,Bosnian-Serb Rebellion of 1992-1995; Bosnian Independence,2,csp245,"Ethnic war (Serbs, Croats, Muslims)",1,uppsala389,1,1,"i00201, i00202, i00203, i00204m, i00205m, i00206m, i00207m, i00208m, i00209m, i00210m, i00211m, i00212m, i00213m, i00214m, i00215m, i00216m, i00217m, i00218m, i00219m, i00220m, i00221m, i00222m, i00701, i00702, i00703, i00704m, i00705m, i00706m, i00707m, i00708m, i00709m, i00710m, i00711m, i00712m, i00713m, i00714m, i00715m, nan","Франция, Великобритания, Канада, Дания, Нидерланды, Кения, Непал, Нигерия, Польша, Испания, Аргентина, Бельгия, Россия, Иордания, Чехословакия, Египет, Украина, США, Финляндия, Норвегия, Швеция, Португалия, США, Франция, Великобритания, Великобритания, Италия, Германия, Нидерланды, Нидерланды, Испания, Турция, Франция, Турция, Германия, Италия, Испания",37,1,0,"UN, UN, UN, UN, UN, UN, UN, UN, UN, UN, UN, UN, UN, UN, UN, UN, UN, UN, UN, UN, UN, UN, NATO, NATO, NATO, NATO, NATO, NATO, NATO, NATO, NATO, NATO, NATO, NATO, NATO, NATO, NATO",НАТО; ООН,1,1,1,,UPP,нужно разбираться с уппсалой,уппсалой,уппсалой,уппсалой,уппсалой,,https://www.hrw.org/report/1995/10/15/fall-srebrenica-and-failure-un-peacekeeping/bosnia-and-herzegovina ; https://undocs.org/ru/S/23592 ,
c009,1992,10,1995,8,01/10/1992,28/08/1995,28/08/1995,34,34,117,34,FALSE,0,1,0,0,0,Вторая гражданская война в Либерии,Second Liberian Civil War,Intra-state war,1.0,0.0,0.0,0.0,0.0,1787.0,Second Liberian War of 1992-1996,#N/A,#N/A,#N/A,0,1,0,0,0,0,0,0,political,1,0,0,0,0,0,0,450,,Либерия,879,Second Liberian War of 1992-1996,1,csp228,Civil war,3,uppsala341,3,1,,,0,0,1,,ЭКОВАС,1,1,0,,COW,12750,1992,10,1995,8,,https://www.un.org/en/sc/repertoire/89-92/Chapter%208/AFRICA/item%2002_Liberia_.pdf,Интервенция cостоялась еще в 1990 году и продолжалась до 1997 (https://link.springer.com/chapter/10.1007/978-1-137-05113-4_9). Интервенции проводились с целью защиты региональной стабильности.
c050,1992,2,1999,-9,01/02/1992,28/03/1998,28/03/1998,73,73,178,73,FALSE,0,1,0,0,0,Вооруженная активность алжирского исламского фронта (Гражданская война в Алжире),Algeria's Islamic Front Insurgency (Algeria's Islamic Front War) (Algerian Civil War),Intra-state war,1.0,0.0,0.0,0.0,0.0,3029.0,Algeria's Islamic Front War of 1992-2002,#N/A,#N/A,#N/A,0,1,0,0,0,0,0,0,religious,0,0,0,1,0,0,0,615,,Алжир,875,Algeria's Islamic Front War of 1992-2002,1,csp243,Civil warfare (Islamic militants),3,uppsala386,3,1,,,0,0,0,,0,0,0,0,,COW,25200,1992,2,2002,-9,,https://www.refworld.org/docid/3ae6a6460.html,
c052,1992,10,1994,11,01/10/1992,28/11/1994,28/11/1994,25,25,102,25,FALSE,0,1,0,0,0,Война городов в Анголе (этап гражданской войны в Анголе),The war of cities in Angola (the stage of the Civil War in Angola),Intra-state war,1.0,0.0,0.0,0.0,0.0,12054.0,Angolan War of the Cities of 1992-1994,#N/A,#N/A,#N/A,0,1,0,0,0,0,0,0,political,1,0,0,0,0,0,0,540,,"Ангола, г. Уамбо",880,Angolan War of the Cities of 1992-1994,1,n/a,n/a,0,uppsala387,3,1,,,0,0,1,,ООН,1,0,0,,COW,50000,1992,10,1994,11,,https://www.refworld.org/pdfid/3ae6a6508.pdf,
c055,1992,8,1994,7,01/08/1992,28/07/1994,28/07/1994,23,23,98,23,FALSE,0,1,0,0,0,Восстание в Абхазии (Война в Абхазии),Abkhazia Uprising (War in Abkhazia) (Abkhazia Revolt),Intra-state war,1.0,0.0,0.0,0.0,0.0,1611.0,Abkhazia Revolt of 1992-1994,#N/A,#N/A,#N/A,0,1,0,0,0,0,0,0,separatism,0,1,0,0,0,0,0,372,,"Абхазия, Грузия",878,Abkhazia Revolt of 1992-1994,1,csp237; csp236; csp271,Ethnic war (Abkhazians-Ossetians); Civil war; Ethnic warfare (Abkhazia),3,uppsala392,2,1,,,0,0,1,,СНГ,1,0,0,,COW,8046,1992,8,1993,7,,https://www.hrw.org/reports/1995/Georgia2.htm,
c117,1992,5,1995,11,01/05/1992,28/11/1995,28/11/1995,42,42,131,42,FALSE,0,1,0,0,0,Вооруженная деятельность исламских фундаменталистов в Египте,Islamic Militants Insurgency in Egypt,Minor armed conflict,0.0,0.0,0.0,0.0,1.0,767.0,FALSE,FALSE,FALSE,FALSE,0,0,0,0,1,0,0,0,religious,0,0,0,1,0,0,0,651,,Египет,n/a,n/a,0,csp248,Civil violence (Islamic militants),1,uppsala391,4,,,,0,0,0,,0,0,0,0,0,CSP,2000,csp,csp,csp,csp,,,
c118,1992,4,ongoing as of 31.05.2023,ongoing as of 31.05.2023,01/04/1992,#VALUE!,31/05/2023,-1,373,386,386,TRUE,0,1,1,1,1,Восстание в Казамансе (Конфликт в Казамансе),Casamance Uprising (Casamance Conflict),Minor armed conflict,0.0,0.0,0.0,0.0,1.0,319.0,FALSE,FALSE,FALSE,FALSE,0,0,0,0,1,0,0,0,separatism,0,1,0,0,0,0,0,433,,"Сенегал, Казаманс",n/a,n/a,0,csp249,Ethnic violence (Casamance),2,uppsala375,2,,,,0,0,0,,0,0,0,0,ЭКОВАС,none,none,none,none,none,none,,,
c053,1993,1,1998,3,01/01/1993,28/03/1998,28/03/1998,62,62,159,62,FALSE,0,1,0,0,0,Вторая гражданская война в Камбодже (деятельность PGNUNSC и DNUM),The Second Civil War in Cambodia (PGNUNSC and DNUM) (Third Khmer Rouge War of 1993-1998),Minor armed conflict,0.0,0.0,0.0,0.0,1.0,818.0,Third Khmer Rouge War of 1993-1998,#N/A,#N/A,#N/A,0,0,0,0,1,0,0,0,political,1,0,0,0,0,0,0,811,,"Камбоджа, Провинция Пайлин и др.",881,Third Khmer Rouge War of 1993-1998,1,csp230,Civil warfare (Khmer Rouge),3,uppsala300,3,1,,,0,0,1,,ООН,1,0,0,,COW,10000,1993,1,1998,3,,https://www.hrw.org/reports/1994/WR94/Africa-01.htm#P35_14069,
c054,1993,2,1994,5,01/02/1993,28/05/1994,28/05/1994,15,15,90,15,FALSE,0,1,0,0,0,Армяно-Азербайджанская война (Карабахский конфликт),Azeri-Armenian War (Karabakh conflict),Interstate war,0.0,0.0,1.0,0.0,0.0,7646.0,#N/A,#N/A,#N/A,Azeri-Armenian,1,0,0,0,0,0,0,0,international,0,0,0,0,1,0,0,373,,"Нагорный Карабах, Азербайджан",216,Azeri-Armenian,1,csp226,International war (Nagorno-Karabakh),3,uppsala388,3,0,,,0,0,0,,0,0,0,0,,COW,14000,1993,2,1994,5,,https://www.refworld.org/pdfid/3ae6a6508.pdf,
c056,1993,10,1998,7,01/10/1993,28/07/1998,28/07/1998,57,57,147,57,FALSE,0,1,0,0,0,Вторая война в Бурунди,Second War in Burundi,Intra-state war,1.0,0.0,0.0,0.0,0.0,1348.0,Second Burundi War of 1993-1998,#N/A,#N/A,#N/A,0,1,0,0,0,0,0,0,complex (political and ethnic),1,0,1,0,0,0,1,516,,Бурунди,883,Second Burundi War of 1993-1998,1,csp251,Ethnic warfare (Tutsis against Hutus),3,uppsala287,3,1,,,0,0,0,,0,0,0,0,,COW,5000,1993,10,1998,7,,https://www.usip.org/sites/default/files/file/resources/collections/commissions/Burundi-Report.pdf,
c119,1993,5,1993,12,01/05/1993,28/12/1993,28/12/1993,7,7,76,7,FALSE,0,1,0,0,0,Первая война в Республике Конго (Восстание ниндзя в Республике Конго),First Republic of Congo War (Ninja Uprising),Intra-state war,1.0,0.0,0.0,0.0,0.0,10033.0,FALSE,FALSE,FALSE,FALSE,0,1,0,0,0,0,0,0,political,1,0,0,0,0,0,0,484,,"Республика Конго, департамент Пулл",n/a,n/a,0,csp250,Ethnic violence,1,uppsala408,1,,,,0,0,0,,0,0,0,0,0,CSP,2000,csp,csp,csp,csp,,,
c120,1993,3,1993,7,01/03/1993,28/07/1993,28/07/1993,4,4,69,4,FALSE,0,1,0,0,0,Этнические конфликты между Хунду и Хуту в Масиси,Ethnic conflicts in Masisi (Masisi War),Intra-state war,1.0,0.0,0.0,0.0,0.0,4465.0,Masisi War of 1993,#N/A,#N/A,#N/A,0,1,0,0,0,0,0,0,ethnic,0,0,1,0,0,0,0,490,,"ДРК, Северный Киву, провинция Масиси",882,Masisi War of 1993,1,csp246,Ethnic violence,3,n/a,0,1,,,0,0,0,,0,0,0,0,0,COW,3500,1993,3,1993,7,,https://reliefweb.int/report/democratic-republic-congo/masisi-down-road-goma-ethnic-cleansing-and-displacement-eastern,
c057,1994,2,1994,7,01/02/1994,28/07/1994,28/07/1994,5,5,71,5,FALSE,0,1,0,0,0,Восстание в Южном Йемене (Война за отделение Южного Йемена),South Yemen Uprising (South Yemeni Secessionist Revolt),Intra-state war,1.0,0.0,0.0,0.0,0.0,1489.0,South Yemeni Secessionist Revolt of 1994,#N/A,#N/A,#N/A,0,1,0,0,0,0,0,0,separatism,0,1,0,0,0,0,0,679,,Йемен,885,South Yemeni Secessionist Revolt of 1994,1,csp254,Ethnic warfare (south Yemenis),1,uppsala402,1,0,,,0,0,0,,0,0,0,0,,COW,3000,1994,2,1994,7,,https://undocs.org/ru/S/RES/924(1994),
c058,1994,4,1994,7,01/04/1994,28/07/1994,28/07/1994,3,3,65,3,FALSE,0,1,0,0,0,Геноцид Тутси в Руанде (Вторая война в Руанде),Genocide Against the Tutsi in Rwanda (Second Rwanda War),Intra-state war,1.0,0.0,0.0,0.0,0.0,2044.0,Second Rwanda War of 1994,#N/A,#N/A,#N/A,0,1,0,0,0,0,0,0,ethnic,0,0,1,0,0,0,0,517,,Руанда,886,Second Rwanda War of 1994,1,csp252;csp257,Ethnic violence (Hutus target Tutsis); Ethnic warfare (Hutus vs Tutsi regime),3,uppsala374,3,1,"i01001, i01002m","Франция, Сенегал",2,1,0,"UN, UN",ООН,1,0,0,,COW,1000,1994,4,1994,7,,https://www.hrw.org/sites/default/files/reports/RWANDA945.PDF,
c059,1994,12,1996,8,01/12/1994,28/08/1996,28/08/1996,20,20,94,20,FALSE,0,1,0,0,0,Первая Чеченская война,First Chechnya War,Intra-state war,1.0,0.0,0.0,0.0,0.0,5769.0,First Chechnya War of 1994-1996,#N/A,#N/A,#N/A,0,1,0,0,0,0,0,0,separatism,0,1,0,0,0,0,0,365,,"Россия, Чечня, Ингушетия, Дагестан и Ставропольский край",888,First Chechnya War of 1994-1996,1,csp255,Ethnic war (Chechnya secession I),1,uppsala401,1,1,,,0,0,0,,0,0,0,0,,COW,10000,1994,12,1996,8,,https://www.hrw.org/reports/1995/Russia1.htm,
c060,1994,3,1998,9,01/03/1994,28/09/1998,28/09/1998,54,54,142,54,FALSE,0,1,0,0,0,Междоусобная война иракских курдов,Internecine war of Iraqi Kurds,Non-state war,0.0,0.0,0.0,1.0,0.0,21790.0,FALSE,FALSE,FALSE,FALSE,0,0,0,1,0,0,0,0,political,1,0,0,0,0,0,0,645,,Северный Ирак,887; 897.5; 479,First Iraqi Kurds Internecine War of 1994-1995; Second Iraqi Kurds Internecine War of 1997; Second PKK in Iraq,2,csp259,Ethnic warfare (Kurds),2,uppsala271,3,,"i00901, i01201, i01401, i01901, i02001, i02901, i17201","Турция, Иран, Турция, Иран, США, Турция, Турция",7,1,0,"Turkey, Iran, Turkey, Iran, US, Turkey, Turkey","Турция, США",0,1,0,,none,none,none,none,none,none,,https://www.refworld.org/docid/467fca96c.html ; https://www.hrw.org/reports/1997/WR97/ME-05.htm#TopOfPage ,
c077,1994,3,1995,3,01/03/1994,28/03/1995,28/03/1995,12,12,83,12,FALSE,0,1,0,0,0,Вторая война за Сомалиленд,Second War for Somaliland,Non-state war,0.0,0.0,0.0,1.0,0.0,8005.0,FALSE,FALSE,FALSE,FALSE,0,0,0,1,0,0,0,0,political,1,0,0,0,0,0,0,520,,"Сомали, Сомалиленд",887.5,Second Somaliland War of 1994 to 1995,,csp217,Civil war,3,uppsala337,3,,,,0,0,0,,,,0,,,none,none,none,none,none,none,,,
c121,1994,1,1997,12,01/01/1994,28/12/1997,28/12/1997,47,47,137,47,FALSE,0,1,0,0,0,Конфликт в Чьяпасе (восстание Сапатистов),Conflict in Chiapas (Zapatistas rebellion),Minor armed conflict,0.0,0.0,0.0,0.0,1.0,145.0,FALSE,FALSE,FALSE,FALSE,0,0,0,0,1,0,0,0,political,1,0,0,0,0,0,0,70,,"Мексика, штат Чьяпас",n/a,n/a,0,csp256,Ethnic violence (Chiapas),1,uppsala400,2,,,,0,0,0,,0,0,0,0,США,CSP,1000,csp,csp,csp,csp,,https://scholarlycommons.law.cwsl.edu/cgi/viewcontent.cgi?referer=&httpsredir=1&article=1340&context=cwilj,
c122,1994,1,1994,8,01/01/1994,28/08/1994,28/08/1994,7,7,76,7,FALSE,0,1,0,0,0,Племенная война между Конокомба и Нанумба на севере Ганы,Konkomba–Nanumba War (Tribal War in Northern Ghana) (Guinea Fowl War),Minor armed conflict,0.0,0.0,0.0,0.0,1.0,1500.0,FALSE,FALSE,FALSE,FALSE,0,0,0,0,1,0,0,0,ethnic,0,0,1,0,0,0,0,452,,Северная Гана,n/a,n/a,0,csp253,Ethnic violence,1,n/a,0,,,,0,0,0,,0,0,0,0,0,CSP,1000,csp,csp,csp,csp,,,
c061,1995,1,1995,2,01/01/1995,28/02/1995,28/02/1995,1,1,59,1,FALSE,0,1,0,0,0,Война Альто-Сенепа,Cenepa Valley War,Interstate war,0.0,0.0,1.0,0.0,0.0,99.0,#N/A,#N/A,#N/A,Cenepa Valley,1,0,0,0,0,0,0,0,internetional,0,0,0,0,0,0,0,130; 135,,"Эквадор и Перу, долина Сенепа",217,Cenepa Valley,1,csp258,International violence (border dispute),1,uppsala403,1,0,,,0,0,0,,0,0,0,0,,COW,1500,1995,1,1995,2,,https://www.hrw.org/reports/1996/WR96/Americas-10.htm#P869_214480,Война не упоминается в докладах HRW.
c062,1995,5,1995,11,01/05/1995,28/11/1995,28/11/1995,6,6,72,6,FALSE,0,1,0,0,0,Восстание в Хорватии и восстание в Сербской Краине (Война в Хорватии),Croatia Uprising and Serbska Krajina Uprising (War in Croatia) (Croatia-Krajina War),Intra-state war,1.0,0.0,0.0,0.0,0.0,4025.0,Croatia-Krajina War of 1995,#N/A,#N/A,#N/A,0,1,0,0,0,0,0,0,separatism,0,1,0,0,0,0,0,344,,"Югославия, Хорватия",891,Croatia-Krajina War of 1995,1,csp240,Ethnic war (Serbs),3,uppsala390,1,1,,,0,0,1,,ООН,1,0,0,,COW,1000,1995,5,1995,11,,https://www.hrw.org/reports/1996/Croatia.htm,"Ссылка указывает на отсутствие упоминания последствий войны в докладе HRW по Перу за 1995 год, позднее и в других организациях таких упоминаний также не обнаружено."
c010,1996,8,1996,10,01/08/1996,28/10/1996,28/10/1996,2,2,64,2,FALSE,0,1,0,0,0,Восстание Курдов в Ираке (Седьмая Ирако-Курдская война),Kurds Uprising in Iraq (Seventh Iraqi Kurds War),Intra-state war,1.0,0.0,0.0,0.0,0.0,21790.0,Seventh Iraqi Kurds War of 1996,#N/A,#N/A,#N/A,0,1,0,0,0,0,0,0,separatism,0,1,0,0,0,0,0,645,,Северный Ирак,893,Seventh Iraqi Kurds War of 1996,1,csp259,Ethnic warfare (Kurds),3,uppsala271,3,1,,США,1,1,0,,США,0,1,0,,COW,1000,1996,8,1996,10,,https://www.hrw.org/reports/1997/WR97/ME-05.htm#TopOfPage,Интервенция проводилась с целью сдерживания агрессии и принуждения к соблюдению международного права.
c063,1996,10,1997,5,01/10/1996,28/05/1997,28/05/1997,7,7,76,7,FALSE,0,1,0,0,0,Шестая война в ДРК (Первая Конголезская война),Sixth War in the DRC (First Congo War) (Banyamulenge rebellion),Intra-state war,1.0,0.0,0.0,0.0,0.0,4465.0,Zaire - AFDL War of 1996-1997,#N/A,#N/A,#N/A,0,1,0,0,0,0,0,0,political,1,0,0,0,0,0,0,490,,ДРК (Заир),895,Zaire - AFDL War of 1996-1997,1,csp261; csp262; csp263; csp264,Civil War (ouster of Mobutu & aftermath; Interhamwe in NE); Direct Intervention in DRCongo civil war (FDI event); Direct Intervention in DRCongo civil war (FDI event); Civil warfare,2,uppsala283,3,1,"i02101, i02102, i02501","Уганда, Руанда, Ангола",3,1,0,"Ad hoc pro-rebel coalition, Ad hoc pro-rebel coalition, Ad hoc pro-rebel coalition",0,0,0,0,,COW,4000,1996,10,1997,5,,https://www.amnesty.org/en/documents/afr62/033/1998/en/,
c051,1997,3,1998,10,01/03/1997,28/10/1998,28/10/1998,19,19,93,19,FALSE,0,1,0,0,0,Третья война между хуту и тутси в Руанде,Third Hutu-Tutsi war in Rwanda,Intra-state war,1.0,0.0,0.0,0.0,0.0,2044.0,Third Rwanda War of 1997-1998,#N/A,#N/A,#N/A,0,1,0,0,0,0,0,0,ethnic,0,0,1,0,0,0,0,517,,Северо-запад Руанды,896,Third Rwanda War of 1997-1998,1,csp257,Ethnic warfare (Hutus vs Tutsi regime)5,3,uppsala374,3,,,,0,0,0,,,,0,,,COW,3300,1997,3,1998,10,,,
c064,1997,6,1997,10,01/06/1997,28/10/1997,28/10/1997,4,4,69,4,FALSE,0,1,0,0,0,"Первая война в Браззавиле, Республика Конго",First Congo-Brazzaville War,Intra-state war,1.0,0.0,0.0,0.0,0.0,10033.0,First Congo-Brazzaville War of 1997,#N/A,#N/A,#N/A,0,1,0,0,0,0,0,0,political,1,0,0,0,0,0,0,484,,"Конго, Браззавиль",897,First Congo-Brazzaville War of 1997,1,csp264,Civil warfare,3,uppsala408,3,0,"i02801, i03001","Демократическая республика конго, Ангола",2,1,0,"Democratic Republic of Congo, Angola","Ангола, ДРК",0,0,0,Франция,COW,1000,1997,6,1997,10,,https://www.hrw.org/reports/1997/peru/,
c123,1997,1,1997,8,01/01/1997,28/08/1997,28/08/1997,7,7,76,7,FALSE,0,1,0,0,0,Гражданская война в Албании,Albanian Civil War (Civil violence (Pyramid Schemes)),Intra-state war,1.0,0.0,0.0,0.0,0.0,2000.0,FALSE,FALSE,FALSE,FALSE,0,1,0,0,0,0,0,0,political,1,0,0,0,0,0,0,339,,Албания,n/a,n/a,0,csp265,Civil violence (Pyramid Schemes),1,n/a,0,,"i02801, i02802, i02803m, i02804m, i02805m, i02806m, i02807m, i02808m, i02809, i028010","Италия, Франция, Испания, Румыния, Дания, Австрия, Бельгия, Словения, Греция, Турция",10,1,0,"Multinational protection force, Multinational protection force, Multinational protection force, Multinational protection force, Multinational protection force, Multinational protection force, Multinational protection force, Multinational protection force, Multinational protection force, Multinational protection force",ООН,1,1,1,0,CSP,2000,csp,csp,csp,csp,,,
c012,1998,2,1999,3,01/02/1998,28/03/1999,28/03/1999,13,13,85,13,FALSE,0,1,0,0,0,Восстание в Косово (Война за независимость Косово),Kosovo Uprising (Kosovo Independence War),Intra-state war,1.0,0.0,0.0,0.0,0.0,2958.0,Kosovo Independence War of 1998-1999,#N/A,#N/A,#N/A,0,1,0,0,0,0,0,0,separatism,0,1,0,0,0,0,0,345,,"Югославия, Косово",900,Kosovo Independence War of 1998-1999,1,csp269; csp279,Ethnic war (Kosovar Albanians); International violence (NATO airstrikes),1; 2,uppsala412,1,1,"i04201, i04202m, i04203m, i04204m, i04205m, i04206m, i04207m, i04208m, i04209m, i04210m, i04211m, i04212m, i04213m","США, Франция, Италия, Великобритания, Германия, Турция, Канада, Бельгия, Дания, Испания, Норвегия, Венгрия, Португалия",13,1,0,NATO,НАТО,1,1,1,,COW,1200,1998,2,1999,3,,https://www.hrw.org/legacy/reports98/kosovo/Kos9810-04.htm,
c013,1998,6,1999,8,01/06/1998,28/08/1999,28/08/1999,14,14,88,14,FALSE,0,1,0,0,0,Гражданская война в Гвинее-Бисау,Guinea-Bissau Civil War,Intra-state war,1.0,0.0,0.0,0.0,0.0,505.0,Guinea-Bissau Military War of 1998-1999,#N/A,#N/A,#N/A,0,1,0,0,0,0,0,0,political,1,0,0,0,0,0,0,404,,Гвинея-Биссау,902,Guinea-Bissau Military War of 1998-1999,1,csp272,Civil war (coup attempt),1,uppsala410,1,1,"i03101, i03102","Сенегал, Гвинея",2,1,0,"ad hoc coalition, ad hoc coalition","ЭКОВАС, Сенегал, Гамбия",0,1,1,,COW,2000,1998,6,1998,8,,https://www.unhcr.org/news/press/1998/6/3ae6b81322/ogata-warns-refugee-crisis-guinea-bissau.html,
c014,1998,8,2003,7,01/08/1998,28/07/2003,28/07/2003,59,59,150,59,FALSE,0,1,1,0,0,Африканская мировая война (Вторая Конголезская война),African World War (Second Congo War),Extra-state war,0.0,1.0,0.0,0.0,0.0,4465.0,FALSE,FALSE,FALSE,FALSE,0,0,1,0,0,0,0,0,"complex (ethnic, political and international)",1,0,1,0,1,0,1,490,,ДРК,905; 908,Africa's World War of 1998-2002; Second Congo-Brazzaville War of 1998-1999,2,csp261; csp262; csp263; csp264,Civil War (ouster of Mobutu & aftermath; Interhamwe in NE); Direct Intervention in DRCongo civil war (FDI event); Direct Intervention in DRCongo civil war (FDI event); Civil warfare,2,uppsala283,3,1,"i03201, i03202, i03301, i03302, i03401m, i03501, i03601, i04001m","Руанда, Уганда, Зимбабве, Ангола, Намибия, Судан, Чад, Бурунди",8,1,0,"Ad hoc pro-rebel coalition, Ad hoc pro-rebel coalition, Southern African Development Community (SADC), Southern African Development Community (SADC), Southern African Development Community (SADC), Sudan, Chad (France-backed), Ad hoc pro-rebel coalition","ООН, Уганда, Руанда, Бурунди, Ангола, Намибия, Чад, Зимбабве",1,1,0,,none,none,none,none,none,none,,https://www.hrw.org/reports/2000/drc/Drc005-06.htm,"По данным COW - до 2002 г., что не верно. Вмешательство внешних сил в базе COW рассматривается как отдельный конфликт, в данной базе это рассматривается как интервенция."
c065,1991,3,2002,1,01/03/1991,28/01/2002,28/01/2002,130,130,230,130,FALSE,0,1,1,0,0,Гражданская война в Сьерра-Леоне,Civil War in Sierra Leone,Intra-state war,1.0,0.0,0.0,0.0,0.0,3287.0,FALSE,FALSE,FALSE,FALSE,0,1,0,0,0,0,0,0,political,1,0,0,0,0,0,0,451,,Сьерра-Леоне,898,Second Sierra Leone War of 1998-2000,2,csp242,Civil/Ethnic warfare (RUF/Mende),1,uppsala382,2,1,"i02601m, i02601, i02602m, i04601, i04602, i04603, i04604m, i04605m, i04606m, i04607m, i04608m, i04609m, i04610m, i04611m, i04701","Гвинея, Нигерия, Гана, Нигерия, Бангладеш, Индия, Кения, Гана, Гвинея, Замбия, Украина, Россия, Иордания, Великобритания, Великобритания",15,1,0,"UN, UN, UN","ЭКОВАС, Великобритания, ООН",0,0,0,,none,none,none,none,none,none,,https://www.hrw.org/legacy/worldreport99/africa/sierraleone.html,
c066,1998,5,2000,12,01/05/1998,28/12/2000,28/12/2000,31,31,109,31,FALSE,0,1,1,0,0,Война в Бадме (Эфиопо-Эритрейский конфликт),Badme War (Eritrean–Ethiopian War),Interstate war,0.0,0.0,1.0,0.0,0.0,30633.0,#N/A,#N/A,#N/A,Badme Border,1,0,0,0,0,0,0,0,international,0,0,0,0,1,0,0,531; 530,,"Эритерея; Эфиопия, пограничные территории",219,Badme Border,1,csp273,Interstate war,1,uppsala409,1,1,,,0,0,1,,ООН,1,0,0,,COW,120000,1998,5,2000,12,,https://peacekeeping.un.org/en/mission/past/unmee/background.html,
c067,1998,12,2003,12,01/12/1998,28/12/2003,28/12/2003,60,60,153,60,FALSE,0,1,1,0,0,Конфликт в Тогоими (борьба MDJT с правительством Чада),Togoimi Conflict in Chad (MDJT rebellion),Intra-state war,1.0,0.0,0.0,0.0,0.0,1352.0,FALSE,FALSE,FALSE,FALSE,0,1,0,0,0,0,0,0,political,1,0,0,0,0,0,0,483,,"Чад, Тогоими",906,Chad-Togoimi Revolt of 1998-2000,2,n/a,n/a,0,uppsala288,3,0,,,0,0,0,,0,0,0,0,,none,none,none,none,none,none,,https://www.hrw.org/legacy/worldreport/Table.htm,"Ссылка указывает на отсутствие упоминаний ситуации в Чаде в докладе HRW за 1998 год, позднее и в других организациях таких упоминаний также не обнаружено."
c124,1998,11,2003,7,01/11/1998,28/07/2003,28/07/2003,56,56,145,56,FALSE,0,1,1,0,0,Гражданский конфликт на Соломоновых островах,Civil conflict in the Solomon Islands,Minor armed conflict,0.0,0.0,0.0,0.0,1.0,,FALSE,FALSE,FALSE,FALSE,0,0,0,0,1,0,0,0,ethnic,0,0,1,0,0,0,0,940,,"Соломоновы острова, пров. Гуадалканал и г. Хониара",n/a,n/a,0,csp275,Communal violence (Malaita/Isatabu islanders),2,n/a,0,,"i06301, i06302m, i06303m, i06304m, i06305m","Австралия, Новая Зеландия, Фиджи, Папуа – Новая Гвинея, Тонга",5,1,0,"Pacific Islands Forum , Pacific Islands Forum , Pacific Islands Forum , Pacific Islands Forum , Pacific Islands Forum","Австралия, Коалиция (Австралия и др.)",1,1,0,0,none,none,none,none,none,none,,За конец вооруженного конфликта принимается сдача лидера крупнейшей группировки - Гарольда Кеки (Harold Keke) в августе 2008 года. ,
c125,1998,12,2002,2,01/12/1998,28/02/2002,28/02/2002,38,38,124,38,FALSE,0,1,1,0,0,Третья гражданская война в Анголе,Third Angolan Civil War,Intra-state war,1.0,0.0,0.0,0.0,0.0,12054.0,Third Angolan War of 1998-2002,#N/A,#N/A,#N/A,0,1,0,0,0,0,0,0,political,1,0,0,0,0,0,0,540,,Ангола,907,Third Angolan War of 1998-2002,1,csp149,Civil war (UNITA),3,uppsala227,1,,i04501,Намибия,1,1,0,Namibia,Намибия,0,1,0,,COW,9600,1998,12,2002,2,,,
c015,1999,6,2005,3,01/06/1999,28/03/2005,28/03/2005,69,69,170,69,FALSE,0,1,1,0,0,Война между Хема и Ленду в ДРК (Итурийский конфликт),Hemda-Lendu War (Ituri conflict),Non-state war,0.0,0.0,0.0,1.0,0.0,4465.0,#N/A,#N/A,Hemda-Lendu War,#N/A,0,0,0,1,0,0,0,0,ethnic,0,0,1,0,0,0,0,490,,"Итури, ДРК",1594,Hemda-Lendu War,1,csp261,Civil War (ouster of Mobutu & aftermath; Interhamwe in NE),3,n/a,0,1,"i06001m, i06002m, i06003m, i06004m, i06005m, i06006m, i06007m, i06008m, i06009m, i06010m, i06011m, i06012m, i06013m, i06014m, i06015m, i06201, i06202","Австрия, Бельгия, Кипр, Греция, Венгрия, Ирландия, Италия, Нидерланды, Португалия, Испания, Швеция, Великобритания, Бразилия, Канада, ЮАР, Франция, Германия",17,1,0,,"ЕС, ООН",1,1,1,,COW,-9,1999,6,2005,3,,https://www.hrw.org/reports/2003/ituri0703/DRC0703.pdf,"Хотя широкомасштабные вооруженные действия завершились в 2005 году, конфликт низкой интенсивности на 2020 год продолжается."
c025,1999,4,2000,2,01/04/1999,28/02/2000,28/02/2000,10,10,79,10,FALSE,0,1,1,0,0,Восстание в Восточном Тиморе,East Timor Uprising (East Timor crisis),Minor armed conflict,0.0,0.0,0.0,0.0,1.0,935.0,FALSE,FALSE,FALSE,FALSE,0,0,0,0,1,0,0,0,separatism,0,1,0,0,0,0,0,850,,"Индонезия, Восточный Тимор",n/a,n/a,0,csp277,Ethnic violence (East Timor independence),2,uppsala330,4,1,"i04301m, i04302m, i04303m, i04304m, i04305m, i04306m, i04307m, i04308m, i04309m, i04310m, i04311m, i04312m, i04313m, i043014, i043015, i043016, i043017m","Бразилия, Франция, Германия, Ирландия, Италия, Малайзия, Новая Зеландия, Норвегия, Филиппины, Республика Корея, Сингапур, Великобритания, США, Австралия, Таиланд, Новая Зеландия, Канада",17,1,0,"ad hoc coalition, ad hoc coalition, ad hoc coalition, ad hoc coalition, ad hoc coalition, ad hoc coalition, ad hoc coalition, ad hoc coalition, ad hoc coalition, ad hoc coalition, ad hoc coalition, ad hoc coalition, ad hoc coalition, ad hoc coalition, ad hoc coalition, ad hoc coalition, ad hoc coalition",Австралия,1,1,1,,none,none,none,none,none,none,,https://undocs.org/S/RES/1264(1999),
c068,1999,1,2002,2,01/01/1999,28/02/2002,28/02/2002,37,37,120,37,FALSE,0,1,1,0,0,Молуккский религиозный конфликт,Maluku  Sectarian Conflict (Maluku War),Intra-state war,1.0,0.0,0.0,0.0,0.0,935.0,Maluku War of 1999-2002,#N/A,#N/A,#N/A,0,1,0,0,0,0,0,0,religious,0,0,0,1,0,0,0,850,,"Молуккские о-ва (Малуку), Индонезия",910,Maluku War of 1999-2002,1,csp278,Ethnic violence (Moluccas; Muslim/Christian),1,n/a,0,0,,,0,0,0,,0,0,0,0,,COW,5000,1999,1,2002,2,,https://www.hrw.org/news/2000/05/31/moluccan-islands-communal-violence-indonesia,"Есть в списке войн COW, нет в базе 5 версии"
c070,1999,5,2004,12,01/05/1999,28/12/2004,28/12/2004,67,67,166,67,FALSE,0,1,1,0,0,"Восстание в Ачехе (Аче) (Вторая Ачехская война (этап конфликте в Ачехе, Индонезия))",Aceh Uprising (Second Aceh War),Intra-state war,1.0,0.0,0.0,0.0,0.0,935.0,Second Aceh War of 1999-2004,#N/A,#N/A,#N/A,0,1,0,0,0,0,0,0,separatism,0,1,0,0,0,0,0,850,,"Индонезия, Ачех",912,Second Aceh War of 1999-2004,1,csp266,Ethnic violence (Aceh; GAM militants),3,uppsala366,3,1,,,0,0,0,,0,0,0,0,,COW,5500,1999,5,2002,12,,https://www.hrw.org/reports/2001/aceh/indacheh0801.pdf,
c071,1999,5,1999,7,01/05/1999,28/07/1999,28/07/1999,2,2,64,2,FALSE,0,1,0,0,0,Каргильская война,Kargil war,Interstate war,0.0,0.0,1.0,0.0,0.0,2673.0,#N/A,#N/A,#N/A,Kargil War,1,0,0,0,0,0,0,0,international,0,0,0,0,1,0,0,750; 770,,Индия; Пакистан,223,Kargil War,1,csp276; csp231,International violence (Kargil clashes); Civil war (Islamic state),1; 3,uppsala218,3,0,,,0,0,0,,0,0,0,0,,COW,1172,1999,5,1999,7,,https://www.hrw.org/legacy/worldreport99/asia/india.html,"Доклад указывает на преступления против человечества, но масштаб этих преступлений не позволяет говорить о гуманитарном кризисе."
c072,1999,8,2009,10,01/08/1999,28/10/2009,28/10/2009,122,122,217,122,FALSE,0,1,1,0,0,Вторая Чеченская война,Second Chechen War,Intra-state war,1.0,0.0,0.0,0.0,0.0,5769.0,Second Chechen War of 1999-2003,#N/A,#N/A,#N/A,0,1,0,0,0,0,0,0,religious,0,0,0,1,0,0,0,365,,"Россия, Северный Кавказ",915,Second Chechen War of 1999-2003,1,csp281,Ethnic war (Chechnya secession II),1,uppsala401,2,1,,,0,0,0,,0,0,0,0,,COW,8000,1999,8,2003,10,,https://www.hrw.org/legacy/wr2k4/download/7.pdf,"В COW указано, что война продолжалась до 2003 года, что не соответствует действительности"
c080,1999,6,2000,7,01/06/1999,28/07/2000,28/07/2000,13,13,85,13,FALSE,0,1,1,0,0,Восстание Оромо в Эфиопии,Oromo Uprising in Ethiopia (Oromo Conflict),Intra-state war,1.0,0.0,0.0,0.0,0.0,30633.0,FALSE,FALSE,FALSE,FALSE,0,1,0,0,0,0,0,0,separatism,0,1,0,0,0,0,0,530,,"Эфиопия, регион Оромия",913,Oromo Liberation War of 1999,2,csp280,Ethnic war (Oromo separatists),1,uppsala413,3,,,,0,0,0,,,,0,,,none,none,none,none,none,none,,,
c109,1999,2,1999,4,01/02/1999,28/04/1999,28/04/1999,2,2,64,2,FALSE,0,1,0,0,0,Гражданский конфликт в Ираке (Восстание шиитов в Ираке) (Второе восстание Садра),Civil Conflict in Iraq (Shia uprising in Iraq) (Second Sadr Uprising),Minor armed conflict,0.0,0.0,0.0,0.0,1.0,200.0,FALSE,FALSE,FALSE,FALSE,0,0,0,0,1,0,0,0,political,1,0,0,0,0,0,0,645,,Ирак,n/a,n/a,0,csp176,Ethnic violence (Shias),1,n/a,0,,,,0,0,0,,0,0,0,0,0,CSP,25000,csp,csp,csp,csp,,,
c073,2000,3,2001,7,01/03/2000,28/07/2001,28/07/2001,16,16,91,16,FALSE,0,0,1,0,0,Подавление Восстание Моро (Вторая Филиппинская война с Моро),Crackdown on Moro Uprising (Second Philippine-Moro War) (Moro Conflict),Intra-state war,1.0,0.0,0.0,0.0,0.0,1514.0,FALSE,FALSE,FALSE,FALSE,0,1,0,0,0,0,0,0,complex (separatism and religious),0,1,0,1,0,0,1,840,,"Филиппины, о-ва Минданао",916,Second Philippine-Moro War of 2000-2001,,csp132,Ethnic warfare (Moros),3,n/a,0,0,,,0,0,0,,0,0,0,0,,none,none,none,none,none,none,,https://www.refworld.org/docid/3ae6aa0f6c.html,"Доклад указывает на преступления против человечества, но масштаб этих преступлений не позволяет говорить о гуманитарном кризисе."
c074,2000,9,2001,5,01/09/2000,28/05/2001,28/05/2001,8,8,78,8,FALSE,0,0,1,0,0,Гвинейская война,Guinean War,Minor armed conflict,0.0,0.0,0.0,0.0,1.0,432.0,Guinean War of 2000-2001,#N/A,#N/A,#N/A,0,0,0,0,1,0,0,0,political,1,0,0,0,0,0,0,438,,Гвинея,917,Guinean War of 2000-2001,1,csp282,Parrot's Beak clashes,1,uppsala307,1,0,,,0,0,0,,0,0,0,0,,COW,1000,2000,9,2001,5,,https://www.hrw.org/news/2000/11/30/new-evidence-atrocities-sierra-leone-and-guinea,"Доклад указывает на преступления против человечества, но масштаб этих преступлений не позволяет говорить о гуманитарном кризисе."
c075,2000,9,2003,9,01/09/2000,28/09/2003,28/09/2003,36,36,119,36,FALSE,0,0,1,0,0,Вторая Интифада (Интифада Аль-Аксы),Al Aqsa Intifada (Second Intifada),Extra-state war,0.0,1.0,0.0,0.0,0.0,2370.0,#N/A,Al Aqsa Intifada,#N/A,#N/A,0,0,1,0,0,0,0,0,complex (religious and international),0,0,0,1,1,0,1,666,,Израиль и Палестина,480,Al Aqsa Intifada,1,csp106,Ethnic war (Arab Palestinians/PLO-Hamas),3,uppsala234,3,0,,,0,0,0,,0,0,0,0,,COW,3400,2000,9,2003,9,,https://www.hrw.org/reports/2002/isrl-pa/ISRAELPA1002.pdf,"Доклад указывает на преступления против человечества, но масштаб этих преступлений не позволяет говорить о гуманитарном кризисе."
c017,2001,2,2003,10,01/02/2001,28/10/2003,28/10/2003,32,32,110,32,FALSE,0,0,1,0,0,Третья война в Бурунди,Third Burundi War,Intra-state war,1.0,0.0,0.0,0.0,0.0,1348.0,Third Burundi War of 2001-2003,#N/A,#N/A,#N/A,0,1,0,0,0,0,0,0,political,1,0,0,0,0,0,0,516,,Бурунди,918,Third Burundi War of 2001-2003,1,csp251,Ethnic warfare (Tutsis against Hutus),3,uppsala287,3,1,"i05901, i06501, i06502m","ЮАР, Эфиопия, Мозамбик",3,1,0,,АС,0,1,,,COW,3150,2001,2,2003,10,,https://www.hrw.org/legacy/wr2k1/africa/burundi.html,Дополнительно: https://www.amnesty.org/en/documents/afr16/005/2003/en/
c076,2001,5,2001,9,01/05/2001,28/09/2001,28/09/2001,4,4,69,4,FALSE,0,0,1,0,0,Четвертая война между хуту и тутси в Руанде (деятельность Демократических сил освобождения Руанды),Fourth war Hiti-Titsi in Rwanda (Democratic Forces for the Liberation of Rwanda Insurgency),Intra-state war,1.0,0.0,0.0,0.0,0.0,2044.0,Fourth Rwanda War of 2001,#N/A,#N/A,#N/A,0,1,0,0,0,0,0,0,ethnic,0,0,1,0,0,0,0,517,,Руанда,920,Fourth Rwanda War of 2001,1,csp286,Ethnic war (attacks by Hutu guerillas),1,uppsala374,3,0,,,0,0,0,,0,0,0,0,,COW,1000,2001,5,2001,9,,https://www.hrw.org/legacy/wr2k2/africa9.html,
c078,2001,11,2003,1,01/11/2001,28/01/2003,28/01/2003,14,14,88,14,FALSE,0,0,1,0,0,Гражданская война в Непале (Первое восстание непальских маоистов),Nepal Civil War (First Nepal Maoist Insurgency),Intra-state war,1.0,0.0,0.0,0.0,0.0,3946.0,Nepal Maoist Insurgency of 2001-2006,#N/A,#N/A,#N/A,0,1,0,0,0,0,0,0,political,1,0,0,0,0,0,0,790,,Непал,921,Nepal Maoist Insurgency of 2001-2006,1,csp260,"Civil war (UPF ""People's War"")",3,uppsala269,3,1,,,0,0,0,,0,0,0,0,,COW,6000,2001,11,2003,1,,https://www.amnesty.org/download/Documents/116000/asa310162002en.pdf,
c126,2001,2,2001,2,01/02/2001,28/02/2001,28/02/2001,0,0,58,0,FALSE,0,0,1,0,0,Конфликт между даяками и иммигрантами-мадурцами в Сампите,Dayaks - Madurese immigrants conflict in Indonesia,Minor armed conflict,0.0,0.0,0.0,0.0,1.0,935.0,FALSE,FALSE,FALSE,FALSE,0,0,0,0,1,0,0,0,ethnic,0,0,1,0,0,0,0,850,,"Индонезия, пров. Калимантан, г. Сампит",n/a,n/a,0,csp285,Communal (Dayaks vs Madurese immigrants),1,n/a,0,,,,0,0,0,,0,0,0,0,0,CSP,1000,csp,csp,csp,csp,,,
c127,2001,9,2001,9,01/09/2001,28/09/2001,28/09/2001,0,0,58,0,FALSE,0,0,1,0,0,"Террористическая атака Аль-Каиды [орг., запрещенная в РФ] на США",Al Qaeda attacks on New York/Washington,Interstate war,0.0,0.0,1.0,0.0,0.0,1583.0,FALSE,FALSE,FALSE,FALSE,1,0,0,0,0,0,0,0,religious,0,0,0,1,0,0,0,2,,"США, г. Вашингтон и г. Нью-Йорк",n/a,n/a,0,csp287,Al Qaeda attacks on New York/Washington,1,uppsala418,1,,,,0,0,0,,0,0,0,0,0,CSP,3000,csp,csp,csp,csp,,,
c128,2001,1,ongoing as of 31.05.2023,,01/01/2001,#VALUE!,31/05/2023,-1,268,336,336,TRUE,0,0,1,1,1,Конфликт между правительством Индии и маоистами (Восстание маоистов в Индии),Maoist insurgency in India,Intra-state war,1.0,0.0,0.0,0.0,0.0,2673.0,FALSE,FALSE,FALSE,FALSE,0,1,0,0,0,0,0,0,political,1,0,0,0,0,0,0,750,,"Индия, ""Красный корридор""",n/a,n/a,0,csp291,Maoist insurgency (People's War Group; Maoist Communist Centre; People's Liberation Guerrilla Army),1,n/a,0,,,,0,0,0,,0,0,0,0,Китай,CSP,9000,csp,csp,csp,csp,,,
c018,2002,5,2003,8,01/05/2002,28/08/2003,28/08/2003,15,15,90,15,FALSE,0,0,1,0,0,Четвертая война в Либерии (завершающий этап Второй гражданский войны в Либерии),Fourth War in Liberia (final stage of the Second Liberian Civil War),Intra-state war,1.0,0.0,0.0,0.0,0.0,1787.0,Liberia-LURD War of 2002-2003,#N/A,#N/A,#N/A,0,1,0,0,0,0,0,0,political,1,0,0,0,0,0,0,450,,Либерия,922,Liberia-LURD War of 2002-2003,1,csp283,Civil violence (attacks by LURD guerillas),3,uppsala341,3,1,"i06401, i06402, i06403m, i06404m, i06405m, i06406m, i06407m, i06408m","Нигерия, Гвинея-Бисау, Гана, Сенегал, Мали, Бенин, Гамбия, Того",8,1,0,,ЭКОВАС,1,1,1,,COW,3000,2002,5,2003,8,,https://www.refworld.org/pdfid/3ecc811b5.pdf,
c019,2002,9,2007,3,01/09/2002,28/03/2007,28/03/2007,54,54,142,54,FALSE,0,0,1,0,0,Первая Ивуарийская война (Гражданская война в Кот-д’Ивуаре),First Ivorian Civil War,Minor armed conflict,0.0,0.0,0.0,0.0,1.0,624.0,FALSE,FALSE,FALSE,FALSE,0,0,0,0,1,0,0,0,complex (political and religious),1,0,0,1,0,0,1,437,,Кот-д’Ивуар,925,Cote d'Ivoire Military War of 2002-2003,2,csp284,"Civil war (north, south, and west divisions)",4,uppsala419,2,1,"i05301, i05401, i05402, i05403, i05404, i05405","Франция, Бенин, Того, Нигер, Гана, Сенегал",6,1,0,"France, ECOWAS, ECOWAS, ECOWAS, ECOWAS, ECOWAS","ООН, Франция, ЭКОВАС",1,1,1,,none,none,none,none,none,none,,https://www.un.org/press/en/2003/iha765.doc.htm,"В данном случае упоминается потенциальный гуманитарный кризис, но самого упоминания достаточно, так как предотвращение также явлется поводом для гуманитарной интервенции."
c022,2000,1,2015,6,01/01/2000,28/06/2015,28/06/2015,185,185,284,185,FALSE,0,0,1,1,0,Гражданский конфликт на Филиппинах,Civil conflict in the Philippines,Intra-state war,1.0,0.0,0.0,0.0,0.0,1514.0,FALSE,FALSE,FALSE,FALSE,0,1,0,0,0,0,0,0,,0,0,0,0,0,0,0,840,,Филиппины,936,Second Philippine - NPA War of 2005-2006,2,n/a,n/a,0,n/a,0,0,i05001,США,1,1,0,,США,0,1,0,,none,none,none,none,none,none,,https://www.refworld.org/docid/429b27f22.html,"В терминологии COW используется наименование ""Объединенная наступательная операция в Филиппинах"", которое не позволяет рассматривать соответствующую операцию США как интервенцию. По этой причине анализируется конфликт в его более широких рамках, поскольку американское вторжение по сути было вмешательством в данный конфликт. При этом, отделяется конфликт с исламистскими и с марксистскими (см. Войну с Новой Народной Армией) группировками."
c026,2002,4,ongoing as of 31.05.2023,ongoing as of 31.05.2023,01/04/2002,#VALUE!,31/05/2023,-1,253,322,322,TRUE,0,0,1,1,1,Конфликт в Магрибе (Восстание исламистов в Магрибе),Insurgency in the Maghreb,Extra-state war,0.0,1.0,0.0,0.0,0.0,836.0,FALSE,FALSE,FALSE,FALSE,0,0,1,0,0,0,0,0,religious,0,0,0,1,0,0,0,432; 483; 436; 439; 435,,"Сахель (Мали, Чад, Нигер, Буркина Фасо, Мавритания)",n/a,n/a,0,n/a,n/a,0,uppsala386; uppsala11347; uppsala14113,2,1,"i10501, i11501, i11501m, i11601, i11602, i11603, i11604, i11605m, i11606m, i11607m, i11608m, i11609m, i11601m, i11602m","США, Франция, Эстония, Франция, Швеция, Дания, Италия, Венгрия, Чехия, Эстония, Португалия, Литва, Бельгия, Нидерланды",14,1,0,"USA, Ad hoc coalition (Coalition for the Sahel), Ad hoc coalition (Coalition for the Sahel), Ad hoc coalition (Coalition for the Sahel), Ad hoc coalition (Coalition for the Sahel), Ad hoc coalition (Coalition for the Sahel), Ad hoc coalition (Coalition for the Sahel), Ad hoc coalition (Coalition for the Sahel), Ad hoc coalition (Coalition for the Sahel), Ad hoc coalition (Coalition for the Sahel), Ad hoc coalition (Coalition for the Sahel), Ad hoc coalition (Coalition for the Sahel)",Франция,0,1,1,,none,none,none,none,none,none,,https://www.un.org/africarenewal/magazine/december-2013/sahel-one-region-many-crises,
c020,2003,3,2011,12,01/03/2003,28/12/2011,28/12/2011,105,105,201,105,FALSE,0,0,1,1,0,Иракская война,Iraqi war,Extra-state war,0.0,1.0,0.0,0.0,0.0,21790.0,FALSE,FALSE,FALSE,FALSE,0,0,1,0,0,0,0,0,"complex (political, religious, international)",1,0,0,1,1,0,1,645,,Ирак,482,Iraqi Resistance,2,csp294; csp295,"US-led Ouster of Hussein-Ba'athist regime and consequent sectarian strife: Sunnis, Shias, Kurds, and foreign al Qaeda; Invasion of Iraq and military occupation (FDI event)",2,uppsala420,2,1,"i05701, i05702, i07401, i12501","США, Великобритания, Турция, Турция",4,1,0,,Турция,0,1,0,,none,none,none,none,none,none,,https://www.un.org/press/en/2007/sc9095.doc.htm,
c081,2003,2,2003,7,01/02/2003,28/07/2003,28/07/2003,5,5,71,5,FALSE,0,0,1,0,0,Третья Филиппинская война с Моро,Third Philippine War with Moro,Intra-state war,1.0,0.0,0.0,0.0,0.0,1514.0,Third Philippine-Moro War of 2003,#N/A,#N/A,#N/A,0,1,0,0,0,0,0,0,separatism,0,1,0,0,0,0,0,840,,"Филиппины, о-ва Минданао",926,Third Philippine-Moro War of 2003,1,csp132,Ethnic warfare (Moros),3,n/a,0,0,,,0,0,0,,0,0,0,0,,COW,1000,2003,2,2003,7,,https://www.hrw.org/legacy/wr2k4/download/wr2k4.pdf,"Ссылка указывает на отсутствие упоминания последствий войны в докладе HRW за 2004 (по данным 2003) год, позднее и в других организациях таких упоминаний также не обнаружено."
c082,2003,2,ongoing as of 31.05.2023,8,01/02/2003,#VALUE!,31/05/2023,-1,243,322,322,TRUE,0,0,1,1,1,Война в Дарфуре,War in Darfur,Intra-state war,1.0,0.0,0.0,0.0,0.0,4891.0,FALSE,FALSE,FALSE,FALSE,0,1,0,0,0,0,0,0,ethnic,0,0,1,0,0,0,0,625,,"Судан, Дарфур",927,Darfur Rebellion of 2003-2006,2,csp297,Communal-separatist violence in Darfur,1,uppsala309,3,1,,,0,0,1,,"АС, ООН",1,0,0,,none,none,none,none,none,none,,https://news.un.org/en/story/2004/07/108182-sudan-annan-vows-darfurs-displaced-will-not-have-go-home-unless-safe,
c083,2003,3,2003,5,01/03/2003,28/05/2003,28/05/2003,2,2,64,2,FALSE,0,0,1,0,0,Вторжение в Ирак,Invasion of Iraq,Interstate war,0.0,0.0,1.0,0.0,0.0,21790.0,#N/A,#N/A,#N/A,Invasion of Iraq,1,0,0,0,0,0,0,0,international,0,0,0,0,1,0,0,645,,Ирак,227,Invasion of Iraq,1,csp274; csp294; csp295,"International violence (US/UK airstrikes); US-led Ouster of Hussein-Ba'athist regime and consequent sectarian strife: Sunnis, Shias, Kurds, and foreign al Qaeda; Invasion of Iraq and military occupation (FDI event)",3,uppsala420,1,0,,,0,0,0,,0,0,0,0,,COW,7173,2003,3,2003,5,,https://www.refworld.org/docid/40b5a1f710.html,"Доклад указывает на преступления против человечества, но масштаб этих преступлений не позволяет говорить о гуманитарном кризисе (большем, чем до интервенции). О том, что не следует считать войну в Ираке гуманитарной интервенцией - https://www.hrw.org/legacy/wr2k4/download/3.pdf"
c084,2003,5,2004,5,01/05/2003,28/05/2004,28/05/2004,12,12,83,12,FALSE,0,0,1,0,0,Третья Ачехская война (Восстание в Аче),Third Aceh War (Aceh uprising),Minor armed conflict,0.0,0.0,0.0,0.0,1.0,935.0,FALSE,FALSE,FALSE,FALSE,0,0,0,0,1,0,0,0,separatism,0,1,0,0,0,0,0,850,,"Индонезия, Ачех",v4_930,Third Aceh War of 2003-2004,0,csp266,Ethnic violence (Aceh; GAM militants),3,uppsala366,3,1,,,0,0,0,,0,0,0,0,,none,none,none,none,none,none,,https://www.hrw.org/legacy/backgrounder/asia/aceh0903-bck.htm,"Есть в списке войн COW, нет в базе 5 версии"
c085,2003,8,2006,11,01/08/2003,28/11/2006,28/11/2006,39,39,126,39,FALSE,0,0,1,0,0,Гражданская война в Непале (Второе восстание непальских маоистов),Nepal Civil War (Second Nepal Maoist Insurgency),Intra-state war,1.0,0.0,0.0,0.0,0.0,3946.0,FALSE,FALSE,FALSE,FALSE,0,1,0,0,0,0,0,0,political,1,0,0,0,0,0,0,790,,Непал,v4_931,Second Nepal Maoists War of 2003-2006,0,csp260,"Civil war (UPF ""People's War"")",3,uppsala269,3,1,,,0,0,0,,0,0,0,0,,none,none,none,none,none,none,,https://www.amnesty.org/en/documents/asa31/001/2005/en/,"Дополнительно: https://www.hrw.org/reports/2005/nepal0205/nepal0205.pdf , Есть в списке войн COW, нет в базе 5 версии"
c129,2003,2,2003,4,01/02/2003,28/04/2003,28/04/2003,2,2,64,2,FALSE,0,0,1,0,0,Война с наркотиками в Таиланде,Drug War in Thailand,Minor armed conflict,0.0,0.0,0.0,0.0,1.0,212.0,FALSE,FALSE,FALSE,FALSE,0,0,0,0,1,0,0,0,crime,0,0,0,0,0,1,0,800,,"Таиланд, провинции Наративат, Яла, Сонгкла, Паттани",n/a,n/a,0,csp293,Anti-Drug Traffiking Campaign,1,n/a,0,,,,0,0,0,,0,0,0,0,0,CSP,2500,csp,csp,csp,csp,,,
c130,2002,3,2003,3,01/03/2002,28/03/2003,28/03/2003,12,12,83,12,FALSE,0,0,1,0,0,Второе восстание ниндзя в Республике Конго (Первая война в Республике Конго),The second uprising of the ninja in the Republic of Congo (First War in the Republic of Congo),Intra-state war,1.0,0.0,0.0,0.0,0.0,10033.0,FALSE,FALSE,FALSE,FALSE,0,1,0,0,0,0,0,0,political,1,0,0,0,0,0,0,484,,"Республика Конго, департамент Пулл",n/a,n/a,0,csp292,Civil violence (Ninja militants in Pool region),1,uppsala408,4,,,,0,0,0,,0,0,0,0,0,CSP,500,csp,csp,csp,csp,,,
c016,2004,6,ongoing as of 31.05.2023,ongoing as of 31.05.2023,01/06/2004,#VALUE!,31/05/2023,-1,227,308,308,TRUE,0,0,1,1,1,"Конфликт в Киву, ДРК",Kivu Conflict,Intra-state war,1.0,0.0,0.0,0.0,0.0,4465.0,FALSE,FALSE,FALSE,FALSE,0,1,0,0,0,0,0,0,ethnic,0,0,1,0,0,0,0,490,,"ДРК, Киву",n/a,n/a,0,csp261,Civil War (ouster of Mobutu & aftermath; Interhamwe in NE),3,uppsala283,3,1,"i10701, i10702, i10703","Малави, Танзания, ЮАР",3,1,0,,ООН,1,1,1,,none,none,none,none,none,none,,https://www.hrw.org/news/2019/08/14/dr-congo-1900-civilians-killed-kivus-over-2-years,
c021,2004,3,2017,12,01/03/2004,28/12/2017,28/12/2017,165,165,263,165,FALSE,0,0,1,1,0,Война в Вазиристане (конфликт в северо-западном Пакистане),Waziristan War (War in North-West Pakistan) (Pakistan's war on terror),Extra-state war,0.0,1.0,0.0,0.0,0.0,6303.0,FALSE,FALSE,FALSE,FALSE,0,0,1,0,0,0,0,0,political,1,0,0,0,0,0,0,770,,Западный Пакистан,932; 942,First Waziristan War of 2004-2006; Second Waziristan War of 2007-present,2,csp300; csp268,"Pashtuns in Federally Administered Tribal Areas; Sectarian violence: Sunnis, Shi'ites, and Ahmadis",1; 4,uppsala404,3,0,i06601,США,1,1,0,United States,0,0,1,0,,none,none,none,none,none,none,,https://www.amnesty.org/en/documents/ASA33/004/2010/en/,
c027,2004,11,2007,4,01/11/2004,28/04/2007,28/04/2007,29,29,107,29,FALSE,0,0,1,0,0,Первая гражданская война в ЦАР,Central African Republic Bush War,Intra-state war,1.0,0.0,0.0,0.0,0.0,928.0,FALSE,FALSE,FALSE,FALSE,0,1,0,0,0,0,0,0,political,1,0,0,0,0,0,0,482,,ЦАР,n/a,n/a,0,csp288,Civil violence (attacks by Bozize loyalists; coup),4,uppsala416,3,1,i05601,Франция,1,1,0,France,"Франция, ЕС, АС, ООН, ЮАР, ЭКОЦАС",1,1,1,,none,none,none,none,none,none,Ранее - миротворческая миссия ЭКЦАС (CEMAC),"https://www.unhcr.org/news/latest/2007/9/46fbcd924/central-african-republics-quiet-conflict-uproots-290000.html , https://www.dw.com/en/un-warns-of-genocide-in-central-african-republic/a-40002377",
c086,2004,6,2006,9,01/06/2004,28/09/2006,28/09/2006,27,27,105,27,FALSE,0,0,1,0,0,Вторая христианско-мусульманская война в Нигерии,Second Nigeria Christian - Muslim War,Intra-state war,1.0,0.0,0.0,0.0,0.0,4780.0,Second Nigeria Christian - Muslim War of 2004,#N/A,#N/A,#N/A,0,1,0,0,0,0,0,0,religious,0,0,0,1,0,0,0,475,,"Нигерия, преимущественно северо-восток",933,Second Nigeria Christian - Muslim War of 2004,1,csp289;csp267,"Ethnic violence (Christian-Muslim; Plateau, Kano regions); Communal violence (Delta province; Ijaw, Itsekeri, and others)",4;3,uppsala425,2,0,,,0,0,0,,0,0,0,0,США,COW,1650,2004,3,2004,9,,https://www.hrw.org/legacy/wr2k5/pdf/nigeri.pdf,"Доклад указывает на преступления против человечества, но масштаб этих преступлений не позволяет говорить о гуманитарном кризисе."
c089,2004,6,2014,9,01/06/2004,28/09/2014,28/09/2014,123,123,223,123,FALSE,0,0,1,1,0,Восстание хуситов в Йемене,Houthi Insurgency in Yemen,Intra-state war,1.0,0.0,0.0,0.0,0.0,6647.0,FALSE,FALSE,FALSE,FALSE,0,1,0,0,0,0,0,0,"complex (political, religious)",1,0,0,1,0,0,1,679,,Йемен,935; 941,First Al-Houthi Rebellion of 2004-2005; Second Al-Houthi Rebellion of 2007-2008,2,csp298,Followers of al-Huthi in Sadaa,1,uppsala230,3,0,,,0,0,0,,0,0,0,0,,none,none,none,none,none,none,,https://www.refworld.org/docid/429b27fc2f.html ; https://www.refworld.org/docid/483e27be37.html,"Доклад указывает на преступления против человечества, но масштаб этих преступлений не позволяет говорить о гуманитарном кризисе."
c131,2004,2,2006,5,01/02/2004,28/05/2006,28/05/2006,27,27,105,27,FALSE,0,0,1,0,0,Политический конфликт на Гаити,Haiti political conflict (Unrest surrounding ouster of President Aristide and his Lavalas Family ruling party),Minor armed conflict,0.0,0.0,0.0,0.0,1.0,207.0,FALSE,FALSE,FALSE,FALSE,0,0,0,0,1,0,0,0,political,1,0,0,0,0,0,0,41,,Гаити,n/a,n/a,0,csp299,General unrest surrounding ouster of President Aristide and his Lavalas Family ruling party,1,uppsala381,1,,"i06701, i06702, i06703, i06704m, i06705, i06706, i06707m, i06708m, i06709m, i06710m, i06711m, i06712m, i06713m, i06714m, i06715m, i06716m, i06717m, i06718m, i06719m, i06720m, i17101, i17102, i17101, i17102m","Бразилия, Уругвай, Непал, Иордания, Шри-Ланка, Аргентина, Чили, Перу, Испания, Марокко, Филиппины, Гвинея, Эквадор, Боливия, Парагвай, США, Франция, Канада, Бенин, Хорватия, США, Франция, Канада, Чили",24,1,0,"UN, UN, UN, UN, UN, UN, UN, UN, UN, UN, UN, UN, UN, UN, UN, UN, UN, UN, UN, UN",ООН,1,1,0,0,CSP,2000,csp,csp,csp,csp,,,
c132,2004,1,ongoing as of 31.05.2023,ongoing as of 31.05.2023,01/01/2004,#VALUE!,31/05/2023,-1,232,308,308,TRUE,0,0,1,1,1,Конфликт в Южном Таиланде (Восстание малайцев-мусульман в Таиланде),"South Thailand insurgency
(Malay-Muslims Insurgency in Thailand)",Minor armed conflict,0.0,0.0,0.0,0.0,1.0,212.0,FALSE,FALSE,FALSE,FALSE,0,0,0,0,1,0,0,0,"complex (separatism, ethnic, religious, crime)",0,1,1,1,0,1,1,800,,Южный Таиланд,n/a,n/a,0,csp301,"Malay-Muslims in southern border region (Narathiwat, Pattani, Songkhla, and Yala provinces)",3,uppsala423,3,,,,0,0,0,,0,0,0,0,США,none,none,none,none,none,none,,см. https://www.crisisgroup.org/asia/south-east-asia/thailand/b172-sustaining-momentum-southern-thailands-peace-dialogue,
c133,2004,3,ongoing as of 31.05.2023,ongoing as of 31.05.2023,01/03/2004,#VALUE!,31/05/2023,-1,230,308,308,TRUE,0,0,1,1,1,Турецко-курдский конфликт,Turkish-Kurdish conflict,Intra-state war,1.0,0.0,0.0,0.0,0.0,4336.0,FALSE,FALSE,FALSE,FALSE,0,1,0,0,0,0,0,0,separatism,0,1,0,0,0,0,0,640,,Юго-Восток Турции,n/a,n/a,0,csp302,Kurds in the southeast,1,uppsala354,3,,,,0,0,0,,0,0,0,0,ЕС,CSP,16000,csp,csp,csp,csp,,,
c023,2005,12,2009,5,01/12/2005,28/05/2009,28/05/2009,41,41,128,41,FALSE,0,0,1,0,0,Пятая война в Чаде,Fifth War in Chad,Intra-state war,1.0,0.0,0.0,0.0,0.0,1352.0,FALSE,FALSE,FALSE,FALSE,0,1,0,0,0,0,0,0,political,1,0,0,0,0,0,0,483,,Чад,937,Chad-United Opposition War of 2005-2008,2,csp304; csp310,"Anti-Deby regime: United Front for Democratic Change (FUC), Union of Forces for Democracy and Development (UFDD), and others; Communal fighting between Toroboro (""black"" sedentary farmer) and Janjawid (""arab"" pastoralist) militias",4,uppsala288,3,1,i07301,Франция,1,1,0,France,ЕС,0,1,1,,none,none,none,none,none,none,,https://www.hrw.org/legacy/backgrounder/africa/chad0606/chad0606.pdf,
c104,2005,1,ongoing as of 31.05.2023,ongoing as of 31.05.2023,01/01/2005,#VALUE!,31/05/2023,-1,220,296,296,TRUE,0,0,1,1,1,Конфликт в Белуджистане (восстание Белуджи),Insurgency in Balochistan (Baloch uprising),Minor armed conflict,0.0,0.0,0.0,0.0,1.0,461.0,FALSE,FALSE,FALSE,FALSE,0,0,0,0,1,0,0,0,separatism,0,1,0,0,0,0,0,770; 630,,"Запад Пакистана и юго-восток Ирана, Белуджистан",942,Second Waziristan War of 2007-present,4,csp303; csp268,"Rebellion in Baluchistan; Sectarian violence: Sunnis, Shi'ites, and Ahmadis",1; 4,uppsala325,3,,,,0,0,0,,0,0,0,0,"США, Индия",none,none,none,none,none,none,,,
c024,2006,12,2009,1,01/12/2006,28/01/2009,28/01/2009,25,25,102,25,FALSE,0,0,1,0,0,Третья война в Сомали,Third Somalia War,Intra-state war,1.0,0.0,0.0,0.0,0.0,8005.0,FALSE,FALSE,FALSE,FALSE,0,1,0,0,0,0,0,0,political,1,0,0,0,0,0,0,520,,Сомали,940.8,Third Somalia War of 2006-2012,3,csp217,Civil war,3,uppsala337,3,1,"i06901, i07202, i07203","Эфиопия, Уганда, Бурунди",3,1,0,"ООН , ООН",Эфиопия,0,1,0,,none,none,none,none,none,none,,https://www.refworld.org/docid/447ff7b9c.html,Интервенции проводились с целью защиты региональной стабильности.
c088,2006,7,2009,5,01/07/2006,28/05/2009,28/05/2009,34,34,117,34,FALSE,0,0,1,0,0,Четвёртая Иламская война (Восстание Тигров освобождения Тамил-Илама),Eelam War IV (Tamil Uprising),Intra-state war,1.0,0.0,0.0,0.0,0.0,10165.0,Third Sri Lanka Tamil War of 2006-2009,#N/A,#N/A,#N/A,0,1,0,0,0,0,0,0,separatism,0,1,0,0,0,0,0,780,,Шри-Ланка,940,Third Sri Lanka Tamil War of 2006-2009,1,csp199,Ethnic war (Tamils),3,uppsala352,3,1,,,0,0,0,,0,0,0,0,,COW,20000,2006,7,2009,5,,https://www.hrw.org/world-report/2009/country-chapters/sri-lanka,
c090,2006,12,ongoing as of 31.05.2023,ongoing as of 31.05.2023,01/12/2006,#VALUE!,31/05/2023,-1,197,284,284,TRUE,0,0,1,1,1,Война с наркотиками в Мексике,Mexican Drug War,Minor armed conflict,0.0,0.0,0.0,0.0,1.0,145.0,FALSE,FALSE,FALSE,FALSE,0,0,0,0,1,0,0,0,crime,0,0,0,0,0,1,0,70,,Мексика,n/a,n/a,0,csp309,"Federal Army and police offensive against entrenched drug cartels and corrupt police and officials, mainly in the northern region bordering the USA",1,n/a,0,0,,,0,0,0,,0,0,0,0,,CSP,100000,csp,csp,csp,csp,,https://www.hrw.org/news/2014/01/08/vanished-disappeared-mexicos-drug-war,"Хотя ситуацию характеризовало как гуманитарный кризис правительство Мексики, международные НПО и ООН не согласились с этой оценкой "
c091,2008,3,2008,6,01/03/2008,28/06/2008,28/06/2008,3,3,65,3,FALSE,0,0,1,0,0,Конфликт в районе горы Элгон (Восстание Сил сухопутной обороны народа Сабаот),Mount Elgon Insurgency (Sabaot Land Defence Force Insurgency),Minor armed conflict,0.0,0.0,0.0,0.0,1.0,600.0,FALSE,FALSE,FALSE,FALSE,0,0,0,0,1,0,0,0,ethnic,0,0,1,0,0,0,0,501,,Западная Кения,n/a,n/a,0,csp308,Sabaot Land Defense Forces (SLDF) rebellion in Mt. Elgon,3,n/a,0,1,,,0,0,0,,0,0,0,0,,none,none,none,none,none,none,,https://www.amnesty.org/download/Documents/52000/afr320072008eng.pdf,
c134,2007,5,2007,9,01/05/2007,28/09/2007,28/09/2007,4,4,69,4,FALSE,0,0,1,0,0,Конфликт с исламистами в Ливане,Conflict with Islamists in Lebanon,Minor armed conflict,0.0,0.0,0.0,0.0,1.0,711.0,FALSE,FALSE,FALSE,FALSE,0,0,0,0,1,0,0,0,religious,0,0,0,1,0,0,0,660,,"Ливан, г. Нахр аль-Баред, Триполи, Айн аль-Хильве",n/a,n/a,0,csp311,Palestinian/Islamist militants,1,n/a,0,,,,0,0,1,,ООН,1,0,0,0,CSP,500,csp,csp,csp,csp,,Миротворческая миссия уже была размещена в стране (появилась до 1992 г.),
c135,1994,2,2018,8,01/02/1994,28/08/2018,28/08/2018,294,294,350,294,FALSE,0,1,1,1,0,Восстание в Огадене,Ogaden Uprising,Intra-state war,1.0,0.0,0.0,0.0,0.0,30633.0,FALSE,FALSE,FALSE,FALSE,0,1,0,0,0,0,0,0,separatism,0,1,0,0,0,0,0,530,,"Эфиопия, Огаден",n/a,n/a,0,csp312,Somalis (ONLF) and Oromo (OLF) militants in Ogaden region,1,n/a,0,,,,0,0,0,,0,0,0,0,США,CSP,4500,csp,csp,csp,csp,,,
c028,2008,8,2008,8,01/08/2008,28/08/2008,28/08/2008,0,0,58,0,FALSE,0,0,1,0,0,Война в Южной Осетии (Восьмидневная война),South Ossetia War,Intra-state war,1.0,0.0,0.0,0.0,0.0,1611.0,FALSE,FALSE,FALSE,FALSE,0,1,0,0,0,0,0,0,separatism,0,1,0,0,0,0,0,372,,"Грузия, Южная Осетия",n/a,n/a,0,csp313,South Ossetia War,1,uppsala393,1,1,i09001,Россия,1,1,0,,Россия,0,1,1,,CSP,850,csp,csp,csp,csp,,https://www.hrw.org/sites/default/files/reports/georgia0109web.pdf,"Является спорным именно вмешательство России, а не участие с самого начала. Однако при принятии решения речь шла именно о вмешательстве, поэтому соответствующим образом рассматривается случай"
c136,2007,12,2008,2,01/12/2007,28/02/2008,28/02/2008,2,2,64,2,FALSE,0,0,1,0,0,Гражданский конфликт в Кении,Kenyan Civil Conflict,Minor armed conflict,0.0,0.0,0.0,0.0,1.0,94.0,FALSE,FALSE,FALSE,FALSE,0,0,0,0,1,0,0,0,political,1,0,0,0,0,0,0,501,,Кения,n/a,n/a,0,csp314,Communal violence following disputed presidential election,1,n/a,0,,,,0,0,0,,0,0,0,0,АС,CSP,1500,csp,csp,csp,csp,,https://journals.co.za/doi/pdf/10.10520/EJC-e5aca3f5e,
c029,2009,1,ongoing as of 31.05.2023,ongoing as of 31.05.2023,01/01/2009,#VALUE!,31/05/2023,-1,172,273,273,TRUE,0,0,1,1,1,Четвертая Гражданская война в Сомали,Fourth Civil War in Somalia,Intra-state war,1.0,0.0,0.0,0.0,0.0,8005.0,FALSE,FALSE,FALSE,FALSE,0,1,0,0,0,0,0,0,"complex (political, religious)",1,0,0,1,0,0,1,520,,Сомали,992.5,Somali-Al-Shabaab war of 2014-present,2,csp217,Civil war,3,uppsala337,3,1,"i07101, i07201, i09901","США, Эфиопия, Кения",3,1,0,,"АС, США, Франция, ООН",1,1,1,,none,none,none,none,none,none,,https://www.unfpa.org/data/emergencies/somalia-humanitarian-emergency,"Официально существует военная миссия АС, однако она составлена из стран региона, которые напрямую участвуют в конфликте."
c092,2009,7,ongoing as of 31.05.2023,ongoing as of 31.05.2023,01/07/2009,#VALUE!,31/05/2023,-1,166,263,263,TRUE,0,0,1,1,1,"Восстание Боко Харам [орг., запрещенная в РФ] в районе озера Чад",Boko Haram Insurgency in Chad Lake Region,Minor armed conflict,0.0,0.0,0.0,0.0,1.0,512.0,FALSE,FALSE,FALSE,FALSE,0,0,0,0,1,0,0,0,religious,0,0,0,1,0,0,0,"436, 471, 475",,"Район озера Чад (пограничные районы Нигерии, Нигера, Чада и Камеруна)",990.4,Boko Haram in Nigeria of 2013 - present,2,csp321,Rebellion by radical-Muslim Boko Haram in north border region,1,uppsala297,1,1,"i12101, i12701, i12702, i13701, i13702, i13703m","Чад, Нигер, Чад, Нигерия, Камерун, Бенин",6,1,0,"Chad, Lake Chad Basin Commission (LCBC) / AU, Lake Chad Basin Commission (LCBC) / AU, Lake Chad Basin Commission (LCBC) / AU, Lake Chad Basin Commission (LCBC) / AU, Lake Chad Basin Commission (LCBC) / AU",0,0,0,0,,CSP,27000,csp,csp,csp,csp,,https://news.un.org/en/story/2019/01/1030132,Дополнительно: https://www.amnesty.org/en/latest/news/2013/10/nigeria-deaths-hundreds-boko-haram-suspects-custody-requires-investigation/
c093,2009,7,ongoing as of 31.05.2023,ongoing as of 31.05.2023,01/07/2009,#VALUE!,31/05/2023,-1,166,263,263,TRUE,0,0,1,1,1,Конфликт в Синьцзян-Уйгурском автономном районе Китая,Xinjiang Conflict,Minor armed conflict,0.0,0.0,0.0,0.0,1.0,36.0,FALSE,FALSE,FALSE,FALSE,0,0,0,0,1,0,0,0,"complex (separatism, religious)",0,1,0,1,0,0,1,710,,"Китай, Синьцзян-Уйгурский автономный район (СУАР)",n/a,n/a,0,csp317,Ethnic violence (Uighers in Xinjiang province),2,uppsala11349,2,1,,,0,0,0,,0,0,0,0,,none,none,none,none,none,none,,https://www.amnesty.org/download/Documents/52000/afr320072008eng.pdf,
c079,2010,3,2010,7,01/03/2010,28/07/2010,28/07/2010,4,4,69,4,FALSE,0,0,0,1,0,Беспорядки в Оше (Беспорядки на юге Киргизии),South Kyrgyzstan ethnic clashes,Minor armed conflict,0.0,0.0,0.0,0.0,1.0,56.0,FALSE,FALSE,FALSE,FALSE,0,0,0,0,1,0,0,0,ethnic,0,0,1,0,0,0,0,703,,"Киргизия, Ош",n/a,n/a,0,csp324,"Ethnic violence (Kyrgyz; Uzbeks, following ouster of Bakiyev)",1,n/a,0,,,,0,0,0,,0,0,0,0,ОДКБ,CSP,600,csp,csp,csp,csp,,,
c087,2011,9,2014,6,01/09/2011,28/06/2014,28/06/2014,33,33,114,33,FALSE,0,0,0,1,0,Конфликт между шиитами и суннитами в Ираке,Iraqi insurgency (Iraqi Sunni Revolt),Intra-state war,1.0,0.0,0.0,0.0,0.0,21790.0,Iraqi Sunni Revolt of 2010-2014,#N/A,#N/A,#N/A,0,1,0,0,0,0,0,0,religious,0,0,0,1,0,0,0,645,,Ирак,971,Iraqi Sunni Revolt of 2010-2014,1,csp327,Continuing Sunni-Shia sectrian strife; Islamic State insurgency,4,uppsala259,3,0,,,0,0,0,,0,0,0,0,,COW,10574,2010,9,2014,6,,,США сохраняли свое присутствие в Ираке в этот период (перед этим существенно сократив его).
c137,2010,1,ongoing as of 31.05.2023,ongoing as of 31.05.2023,01/01/2010,#VALUE!,31/05/2023,-1,160,254,254,TRUE,0,0,0,1,1,Столкновения на религиозной почве в Нигерии,Religious clashes in Nigeria,Intra-state war,1.0,0.0,0.0,0.0,0.0,4780.0,FALSE,FALSE,FALSE,FALSE,0,1,0,0,0,0,0,0,religious,0,0,0,1,0,0,0,475,,"Нигерия, регионы Джос и Плато",n/a,n/a,0,csp323,Communal violence in Jos/Plateau state: Christian and Muslim,1,n/a,0,,,,0,0,0,,0,0,0,0,0,CSP,4500,csp,csp,csp,csp,,https://reliefweb.int/report/nigeria/deadly-cycle-ethno-religious-conflict-jos-plateau-state-nigeria,
c030,2011,2,ongoing as of 31.05.2023,ongoing as of 31.05.2023,01/02/2011,#VALUE!,31/05/2023,-1,147,245,245,TRUE,0,0,0,1,1,Гражданская Война в Ливии,Libyan Civil War,Intra-state war,1.0,0.0,0.0,0.0,0.0,3762.0,FALSE,FALSE,FALSE,FALSE,0,1,0,0,0,0,0,0,"complex (political, religious)",1,0,0,1,0,0,1,620,,Ливия,976; 994,Libyan Civil War of 2011; Second Libyan Civil War of 2014-present,2,csp329,Anti-Gaddhafi elements centered in the eastern coastal region; NATO intervention,2,uppsala11346,2,1,"i09601, i09602, i09603, i09604, i09605m, i09606m, i09607m, i09608m, i12301, i14901","США, Великобритания, Франция, Италия, Канада, Дания, Норвегия, Швеция, Египет, Турция",10,1,0,Egypt,"НАТО, Турция",0,1,1,,none,none,none,none,none,none,,https://www.iom.int/jahia/webdav/shared/shared/mainsite/media/docs/reports/MENA-Seven-Month-Report.pdf,
c031,2011,6,ongoing as of 31.05.2023,-7,01/06/2011,#VALUE!,31/05/2023,-1,143,245,245,TRUE,0,0,0,1,1,Гражданская война в Сирии,Syrian Civil War,Intra-state war,1.0,0.0,0.0,0.0,0.0,70506.0,Syrian Arab Spring War of 2011 to present,#N/A,#N/A,#N/A,0,1,0,0,0,0,0,0,"complex (political, religious)",1,0,0,1,0,0,1,652,,Сирия,979,Syrian Arab Spring War of 2011 to present,1,csp328,Popular protests and regime crackdown trigger warfare with ethnic-Sunni miltants and Islamist-extremists against Assad's ethnic-Alawite regime,2,uppsala299; uppsala13604,1; 2,1,"i10101, i13201, i14601, r14201, r14202, r14203m","Иран, Турция, Турция, США, Франция, Великобритания",6,1,0,"Turkey, Ad hoc anti-government coalition, Ad hoc anti-government coalition, Ad hoc anti-government coalition","Турция, Иран, Россия, США",0,1,0,,COW,120020,2011,6,-7,-7,,https://www.unhcr.org/syria-emergency.html,
c069,2011,2,2011,4,01/02/2011,28/04/2011,28/04/2011,2,2,64,2,FALSE,0,0,0,1,0,Вторая гражданская война в Кот д'Ивуаре,Second Cote d'Ivoire War,Minor armed conflict,0.0,0.0,0.0,0.0,1.0,624.0,Second Cote d'Ivoire War of 2011,#N/A,#N/A,#N/A,0,0,0,0,1,0,0,0,political,1,0,0,0,0,0,0,437,,Кот д'Ивуар,973,Second Cote d'Ivoire War of 2011,1,csp326,Rejection of December 2010 presidential election results by regime leads to resumption of civil war and ends with arrest of President Gbagbo,1,uppsala419,3,1,"i09301, i09302, i09303, i09304m, i09305m, i09306m, i09307m, i09308m, i09309m, i09310m, i09311m, i09312m, i09313m, i09314m, i09315m, i09316m, i09317m, i09318m, i09319m, i09320m, i09321m, i09322m","Бангладеш, Пакистан, Иордания, Нигер, Малави, Марокко, Гана, Сенегал, Того, Бенин, Египет, Франция, Бразилия, Филиппины, Тунис, Парагвай, Танзания, Уганда, Чад, Непал, Нигерия, Йемен",22,1,0,,ООН,1,1,0,,COW,1000,2011,2,2011,4,,,
c094,2011,6,ongoing as of 31.05.2023,-7,01/06/2011,#VALUE!,31/05/2023,-1,143,245,245,TRUE,0,0,0,1,1,Конфликт в Южном Кордофане (Восстание Суданского Революционного Фронта),Sudanese conflict in South Kordofan (Sudan Revolutionary Front Insurgency),Intra-state war,1.0,0.0,0.0,0.0,0.0,4891.0,Sudan Revolutionary Front Rebellion of 2011-present,#N/A,#N/A,#N/A,0,1,0,0,0,0,0,0,political,1,0,0,0,0,0,0,625,,"Судан, Южный Кордофан и Голубой Нил",978,Sudan Revolutionary Front Rebellion of 2011-present,1,csp331,Armed supporters of the Sudanese People's Liberation Movement (SPLM-North) in South Kordofan and Blue Nile states,1,uppsala309,3,1,,,0,0,1,,0,1,0,0,,COW,3500,2011,6,-7,-7,,https://www.un.org/en/ecosoc/docs/adv2013/sg_report-adv_strengthening_coordination_of_%20humanitarian_assistance.pdf,
c138,2011,2,2023,1,01/02/2011,28/01/2023,28/01/2023,143,143,245,143,FALSE,0,0,0,1,1,Восстание исламистов на Синайском полуострове,Islamist uprising on the Sinai Peninsula,Minor armed conflict,0.0,0.0,0.0,0.0,1.0,767.0,FALSE,FALSE,FALSE,FALSE,0,0,0,0,1,0,0,0,religious,0,0,0,1,0,0,0,651,,"Египет, Синайский полуостров",n/a,n/a,0,csp333,Military ouster of President Morsi and crackdown on Muslim Brotherhood; Islamist rebellion in Sinai and south,4,n/a,0,,,,0,0,0,,0,0,0,0,США,none,none,none,none,none,none,,,США участвуют в миротворческой миссии (Multinational Force and Observes) с 1981 г.
c139,2011,1,2011,2,01/01/2011,28/02/2011,28/02/2011,1,1,59,1,FALSE,0,0,0,1,0,Беспорядки в Египте (часть Арабской весны),Political Unrest in Egypt (part of the Arab spring),Minor armed conflict,0.0,0.0,0.0,0.0,1.0,767.0,FALSE,FALSE,FALSE,FALSE,0,0,0,0,1,0,0,0,political,1,0,0,0,0,0,0,651,,Египет,n/a,n/a,0,csp325,Popular protests against Mubarak regime,1,n/a,0,,,,0,0,0,,0,0,0,0,США,CSP,1000,csp,csp,csp,csp,https://www.antiwar.com/blog/2011/01/31/and-there-it-is-neocons-test-idea-of-us-intervention-in-egypt/,,
c032,2012,12,ongoing as of 31.05.2023,ongoing as of 31.05.2023,01/12/2012,#VALUE!,31/05/2023,-1,125,223,223,TRUE,0,0,0,1,1,Вторая гражданская война в ЦАР (Выступление Селеки),Central African Republic Civil War (Seleka Insurgency),Minor armed conflict,0.0,0.0,0.0,0.0,1.0,928.0,FALSE,FALSE,FALSE,FALSE,0,0,0,0,1,0,0,0,political,1,0,0,0,0,0,0,482,,ЦАР,990,Central African Republic War of 2012-2013,2,csp305,"APRD, UFDR, and Seleka rebels and ""anti-balaka"" (Christian) militias",3,uppsala416,3,1,"i08901, i08902, i08903, i08904, i08905m, i08906m, i08907m, i08901, i08902, i08903, i08904, i08905, i08906, i10201m, i10301, i11001, i11301, i11302, i11303, i11304, i11305m, i11306m, i11307m, i11308m, i11309m, i11310m","Камерун, Габон, Чад, Демократическая Республика Конго, Конго, Бурунди, Экваториальная Гвинея, Камерун, Конго, Бурунди, Демократическая Республика Конго, Руанда, Габон, Экваториальная Гвинея, ЮАР, Франция, Германия, Франция, Грузия, Испания, Греция, Эстония, Латвия, Польша, Финляндия, Италия",26,1,0,EU,"Франция, ЕС, АС, ООН, ЮАР, ЭКОЦАС",1,1,1,,none,none,none,none,none,none,,https://www.dw.com/en/un-warns-of-genocide-in-central-african-republic/a-40002377,
c033,2012,1,ongoing as of 31.05.2023,ongoing as of 31.05.2023,01/01/2012,#VALUE!,31/05/2023,-1,136,230,230,TRUE,0,0,0,1,1,Война в Мали (Восстание в Азаваде),Mali War (Azawad Uprising),Minor armed conflict,0.0,0.0,0.0,0.0,1.0,836.0,FALSE,FALSE,FALSE,FALSE,0,0,0,0,1,0,0,0,separatism,0,1,0,0,0,0,0,432,,Мали,985,North Mali War of 2012-2013,2,csp332,"Islamist Ansar Dine and ethnic-Tuareg ""Azawad"" separatists",1,uppsala11347,3,1,"i10401, i10402, i10601, i10602, i10603, i10604, i10605m, i10606m, i10607m, i10608m, i10801, i10802, i10803, i10804m, i10805, i10806m, i10807m, i10808m, i10809m, i10810m, i10811m, i10812m, i10813m, i10814m, i10815m, i10816m, i10817m, i10818m, i10819m, i10820m, i10821m, i10822m, i10823m, i10824m, i10825m, i10826m, i10827m, i10828m, i10829m, i10830m, i10831m, i10832m, i10833m, i10834m, i10835m, i10836m, i10837m","Франция, Чад, Нигерия, Чад, Того, Нигер, Буркина-Фасо, Бенин, Гвинея, Гана, Бангладеш, Чад, Того, Нигер, Буркина-Фасо, Сенегал, Нидерланды, Китай, Камбоджа, Бенин, Гвинея, Гана, Непал, Кот-д’Ивуар, Нигерия, Германия, Либерия, Дания, Норвегия, Франция, США, Руанда, Сьерра-Леоне, Швеция, Йемен, Мавритания, Доминиканская республика, Эстония, Гамбия, Гвинея-Бисау, Италия, Мадагаскар, Великобритания, Финляндия, Иордания, Кения, Швейцария",47,1,0,"UN, UN, UN, UN, UN, UN, UN, UN, UN, UN, UN, UN, UN, UN, UN, UN, UN, UN, UN, UN, UN, UN, UN, UN, UN, UN, UN, UN, UN, UN, UN, UN, UN, UN, UN, UN, UN",Франция (de facto),1,1,1,,none,none,none,none,none,none,,https://undocs.org/ru/S/RES/2085(2012),
c095,2013,12,2020,-7,01/12/2013,28/05/2019,28/05/2019,65,65,163,65,FALSE,0,0,0,1,1,Конфликт между динка и нуэр в Южном Судане (Гражданская война в Южном Судане),Dinka Nuer Conflict (South Sudanese Civil War),Intra-state war,1.0,0.0,0.0,0.0,0.0,1667.0,South Sudan War of 2013 to present,#N/A,#N/A,#N/A,0,1,0,0,0,0,0,0,ethnic,0,0,1,0,0,0,0,626,,Южный Судан,991,South Sudan War of 2013 to present,1,csp334,Rebellion by ethnic Nuer supporters of Reik Machar leads to war with ethnic Dinka supporters of President Salva Kiir,1,uppsala11345,3,1,i11101,Уганда,1,1,0,,Уганда,1,0,0,,COW,-9,2013,12,-7,-7,,https://www.un.org/en/ecosoc/docs/adv2013/sg_report-adv_strengthening_coordination_of_%20humanitarian_assistance.pdf,
c140,2013,7,2014,6,01/07/2013,28/06/2014,28/06/2014,11,11,80,11,FALSE,0,0,0,1,0,Политический конфликт в Египте (военный переворот и последующее политическое насилие),Political conflict in Egypt (military coup and subsequent political violence),Minor armed conflict,0.0,0.0,0.0,0.0,1.0,767.0,FALSE,FALSE,FALSE,FALSE,0,0,0,0,1,0,0,0,political,1,0,0,0,0,0,0,651,,Египет,n/a,n/a,0,csp333,Military ouster of President Morsi and crackdown on Muslim Brotherhood; Islamist rebellion in Sinai and south,3,n/a,0,,,,0,0,0,,0,0,0,0,США,none,none,none,none,none,none,,,
c141,2013,3,2015,1,01/03/2013,28/01/2015,28/01/2015,22,22,96,22,FALSE,0,0,0,1,0,Восстание Май Май в ДРК,Mai Mai Uprising in DRC,Intra-state war,1.0,0.0,0.0,0.0,0.0,4465.0,FALSE,FALSE,FALSE,FALSE,0,1,0,0,0,0,0,0,separatism,0,1,0,0,0,0,0,490,,"ДРК, Катанга",n/a,n/a,0,csp335,Ethnic Mai Mai separatist rebellion in Katanga Province,1,uppsala265,3,1,,,0,0,1,,ООН,1,1,1,0,CSP,850,csp,csp,csp,csp,,https://www.theguardian.com/global-development/2014/jan/30/drc-democratic-republic-congo-katanga-humanitarian-catastrophe-un,"Речь идет о UN Intervention Brigade, изначально введенной в северное Киву. Она рассматривается как интервенция в другой конфликт."
c034,2013,4,2019,3,01/04/2013,28/03/2019,28/03/2019,71,71,174,71,FALSE,0,0,0,1,0,"Восстание ИГИЛ [орг., запрещенная в РФ] в Сирии и Ираке",ISIS Insurgency in Syria and Iraq,Extra-state war,0.0,1.0,0.0,0.0,0.0,21790.0,FALSE,FALSE,FALSE,FALSE,0,0,1,0,0,0,0,0,religious,0,0,0,1,0,0,0,652; 645,,"Сирия, Ирак",991.5; 979,ISIS-al Nusra Front War of 2014; Syrian Arab Spring War of 2011 to present,2; 3,csp327,Continuing Sunni-Shia sectrian strife; Islamic State insurgency,2,uppsala259; uppsala13604,3; 3,1,"i11401, i11901, i12001, i12001m, i12001, i12001m, i12801, i13001","Иран, Франция, США, Великобритания, Франция, Австралия, Россия, Великобритания",8,1,0,"France, Ad hoc coalition (The Global Coalition To Defeat ISIS), Ad hoc coalition (The Global Coalition To Defeat ISIS), Ad hoc coalition (The Global Coalition To Defeat ISIS), Ad hoc coalition (The Global Coalition To Defeat ISIS)","Россия, США, Франция",0,1,1,,none,none,none,none,none,none,,https://www.hrw.org/world-report/2019/country-chapters/syria,
c035,2014,9,ongoing as of 31.05.2023,ongoing as of 31.05.2023,01/09/2014,#VALUE!,31/05/2023,-1,104,197,197,TRUE,0,0,0,1,1,Гражданская война в Йемене,Yemen Civil War,Intra-state war,1.0,0.0,0.0,0.0,0.0,23189.0,FALSE,FALSE,FALSE,FALSE,0,1,0,0,0,0,0,0,complex (political and ethnic),1,0,1,0,0,0,1,679,,Йемен,992; 997,Third Al-Houthi Rebellion of 2014-present; Rada'a War of 2014-present,2,csp330,"Anti-Saleh demonstrations, southern separatists, army mutiny, clan rivalry, and al Qaeda militants",4,uppsala230,3,1,"i12401, i12401m, i12402m, i12401m, i12402m, i12403m, i12404m, i12405m","Саудовская Аравия, Судан, ОАЭ, Марокко, Катар, Кувейт, Эритрея, Бахрейн",8,1,0,,ССАГПЗ,0,1,1,,none,none,none,none,none,none,,https://news.un.org/en/story/2019/02/1032811,Интервенция проводилась с целью борьбы с повстанческим движением
c096,2014,4,ongoing as of 31.05.2023,ongoing as of 31.05.2023,01/04/2014,#VALUE!,31/05/2023,-1,109,201,201,TRUE,0,0,0,1,1,Гражданский конфликт на востоке Украины (Восстание в Донбассе)(Война в Донбассе),Civil conflict in Eastern Ukraine (Donbass Uprising)(Donbass  War),Intra-state war,1.0,0.0,0.0,0.0,0.0,1861.0,FALSE,FALSE,FALSE,FALSE,0,1,0,0,0,0,0,0,separatism,0,1,0,0,0,0,0,369,,Восток Украины,993,Donbas War of 2014-present,0,csp337,Pro-Russian separatists in eastern Ukraine,1,uppsala13306,2,1,i16401,Россия,1,1,0,Russia,0,0,0,0,,CSP,13000,csp,csp,csp,csp,,https://www.humanitarianresponse.info/sites/www.humanitarianresponse.info/files/documents/files/ukraine_2019_humanitarian_response_plan_ru.pdf,
c097,2015,4,ongoing as of 31.05.2023,ongoing as of 31.05.2023,01/04/2015,#VALUE!,31/05/2023,-1,97,192,192,TRUE,0,0,0,1,1,Политическое насилие в Бурунди,Political violence in Burundi,Intra-state war,1.0,0.0,0.0,0.0,0.0,1348.0,FALSE,FALSE,FALSE,FALSE,0,1,0,0,0,0,0,0,political,1,0,0,0,0,0,0,516,,Бурунди,n/a,n/a,0,csp338,"Government forces target opposition in dispute over President Nkurunziza's ""election"" to a third term",1,uppsala287,3,1,,,0,0,0,,0,0,0,0,,CSP,1900,csp,csp,csp,csp,,https://www.unhcr.org/burundi-situation.html,
c098,2015,1,ongoing as of 31.05.2023,ongoing as of 31.05.2023,01/01/2015,#VALUE!,31/05/2023,-1,100,197,197,TRUE,0,0,0,1,1,Политическое насилие в Венесуэле,Political violence in Venezuela,Minor armed conflict,0.0,0.0,0.0,0.0,1.0,144.0,FALSE,FALSE,FALSE,FALSE,0,0,0,0,1,0,0,0,political,1,0,0,0,0,0,0,101,,Венесуэла,n/a,n/a,0,csp340,"Government security forces, especially the Special Actions Force (FAES), engage in extrajudicial killings of opposition figures.",2,n/a,0,1,,,0,0,0,,0,0,0,0,,none,none,none,none,none,none,,https://www.hrw.org/world-report/2019/country-chapters/venezuela,
c100,2016,8,2019,5,01/08/2016,28/05/2019,28/05/2019,33,33,114,33,FALSE,0,0,0,1,0,Восстание Камвины Нсапу в ДРК,Kamwina Nsapu rebellion in Kasai,Intra-state war,1.0,0.0,0.0,0.0,0.0,4465.0,FALSE,FALSE,FALSE,FALSE,0,1,0,0,0,0,0,0,political,1,0,0,0,0,0,0,490,,"ДРК, провинции Лулуа, Касаи, Восточное Касаи, Ломами и Санкуру",n/a,n/a,0,csp343,Kamwinda Nsapu rebellion in Kasai,1,uppsala283,3,1,,,0,0,0,,0,0,0,0,,CSP,5000,csp,csp,csp,csp,,https://www.amnesty.org/en/latest/campaigns/2018/07/the-stolen-childhoods-of-kasai-drc/,
c101,2016,6,ongoing as of 31.05.2023,ongoing as of 31.05.2023,01/06/2016,#VALUE!,31/05/2023,-1,83,187,187,TRUE,0,0,0,1,1,Война с наркотиками на Филиппинах,Philippine Drug War,Intra-state war,1.0,0.0,0.0,0.0,0.0,1514.0,FALSE,FALSE,FALSE,FALSE,0,1,0,0,0,0,0,0,crime,0,0,0,0,0,1,0,840,,Филиппины,n/a,n/a,0,csp342,Anti-drug violence directed by Duterte regime,1,n/a,0,1,,,0,0,0,,0,0,0,0,,CSP,26000,csp,csp,csp,csp,,https://www.amnesty.org/en/latest/news/2019/07/philippines-un-investigation-urgently-needed-duterte-war-drugs/,
c099,2017,9,ongoing as of 31.05.2023,ongoing as of 31.05.2023,01/09/2017,#VALUE!,31/05/2023,-1,68,166,166,TRUE,0,0,0,1,1,Гражданская война в Камеруне (Восстание в Амбазонии),Civil War in Cameroon (Ambazonia Uprising),Minor armed conflict,0.0,0.0,0.0,0.0,1.0,751.0,FALSE,FALSE,FALSE,FALSE,0,0,0,0,1,0,0,0,separatism,0,1,0,0,0,0,0,471,,Камерун,n/a,n/a,0,csp345,Ambazonia separatists mount a rebellion in Anglophone regions in the north and west,1,uppsala14129,1,1,,,0,0,0,,0,0,0,0,,CSP,2400,csp,csp,csp,csp,,https://www.hrw.org/world-report/2019/country-chapters/cameroon,
c102,2020,9,2020,11,01/09/2020,28/11/2020,28/11/2020,2,2,64,2,FALSE,0,0,0,0,1,Вторая карабахская война,Second Nagorno-Karabakh War,Interstate war,0.0,0.0,1.0,0.0,0.0,7646.0,FALSE,FALSE,FALSE,FALSE,1,0,0,0,0,0,0,0,"complex (international, separatism)",0,1,0,0,1,0,1,373,,"Азербайджан, Нагорный Карабах",n/a,n/a,0,n/a,n/a,0,uppsala338,3,1,,,0,0,1,,Россия,1,0,0,,none,none,none,none,none,none,,"https://www.thenewhumanitarian.org/news-feature/2020/11/5/nagorno-karabakh-armenia-azerbaijan-conflict-humanitarian-impact , https://www.hrw.org/news/2020/12/11/azerbaijan-unlawful-strikes-nagorno-karabakh , https://www.amnesty.org/en/documents/eur55/3502/2021/en/",
c103,2020,11,2022,11,01/11/2020,28/11/2022,28/11/2022,24,24,99,24,FALSE,0,0,0,0,1,Гражданская война в Эфиопии (конфликты в Тиграе и Оромии) (война в Тыграе),Ethiopian Civil War (Conflicts in Tigrae and Oromia),Intra-state war,1.0,0.0,0.0,0.0,0.0,30633.0,FALSE,FALSE,FALSE,FALSE,0,1,0,0,0,0,0,0,separatism,0,1,0,0,0,0,0,530,,Эфиопия,n/a,n/a,0,n/a,n/a,0,uppsala413,3,1,,Эритрея,1,1,0,Эритрея,Эритрея,0,1,0,,none,none,none,none,none,none,,,
c011,1986,3,2005,9,01/03/1986,28/09/2005,28/09/2005,234,234,322,234,FALSE,1,1,1,0,0,Деятельность Армии освобождения Господня в Уганде,Lord's Resistance Army insurgency,Intra-state war,1.0,0.0,0.0,0.0,0.0,1610.0,FALSE,FALSE,FALSE,FALSE,0,1,0,0,0,0,0,0,religious,0,0,0,1,0,0,0,500,,Северная часть Уганды,n/a,n/a,0,csp209,Ethnic violence (Lord's Resistance Army: Langi and Acholi),1,uppsala314,4,,i05201,Судан,1,1,0,Судан,Судан,0,1,0,США,CSP,16000,csp,csp,csp,csp,,,
c143,1998,9,2012,8,01/09/1998,28/08/2012,28/08/2012,167,167,273,167,FALSE,0,1,1,1,0,Конфликт между Пунтлендом и Сомалилендом,Puntland-Somaliland conflct,Non-state war,0.0,0.0,0.0,1.0,0.0,8005.0,FALSE,FALSE,FALSE,FALSE,0,0,0,1,0,0,0,0,separatism,0,1,0,0,0,0,0,520,,"Пунтленд, Сомали",n/a,n/a,0,csp217,Civil war,3,uppsala337,3,,i04901,Эфиопия,1,1,0,Sudan,Эфиопия,0,1,0,,none,none,none,none,none,none,,,