year_start,year_end,id_non_unique,id_unique,conflict_place_ccode,conflict_name_ru,conflict_place_name,iso3,iso3c,iso4217c,p4.name,FIPS,sub-region,intermediate-region,Intervention,Non_intervention,Peacekeeping,conflict_duration_guess,conflict_type_intra,conflict_type_extra,conflict_type_inter,conflict_type_non,conflict_type_minor,cause_political,cause_separatism,cause_ethnic,cause_religious,cause_international,cause_crime,cause_complex,land_locked,deaths_initial,death_mean,death_max,EFindex,mountains_mean,diamprim_s,polity,milex,Sapphire,Emerald,Aquamarine,Heliodor,Moganite,Goshenite,Nephrite,Jadeite,Lapis Lazuli,Opal,Tourmaline,Periodit,Topaz,Pearl,Garnet,Zircon,Spinel,Amber,Quarz,diamond,gdppc,pop,number_sides,sanctions,terror_bomb,opium,cannabis,coca_production,Africa,Americas,Asia,Europe,Oceania,Central Asia,Eastern Asia,Eastern Europe,Latin America and the Caribbean,Melanesia,Northern Africa,Northern America,Northern Europe,South-eastern Asia,Southern Asia,Southern Europe,Sub-Saharan Africa,Western Asia,ColRuler_200,ColRuler_210,ColRuler_211,ColRuler_220,ColRuler_230,ColRuler_235,ColRuler_300,ColRuler_325,ColRuler_365,ColRuler_640,invalidate
1983,2002,c001,c001,780,Восстание Тигров Освобождения Тамил-Илама (Первая война с Тиграми Освобождения Тамил-Илама на Шри-Ланке),Шри-Ланка,144,LKA,LKR,Sri Lanka,LK,Asia,Southern Asia,1,0,0,224,1.0,0.0,0.0,0.0,0.0,0,1,0,0,0,0,0,0,2548.4,2915.904762,10165,0.393,0.11156946,0,5,141.3662725,1,0,0,0,0,0,0,0,0,0,0,0,0,0,1,0,0,0,0,0,3268,15784.464,6,0,1,0,0,0,0,0,1,0,0,0,0,0,0,0,0,0,0,0,1,0,0,0,1,0,0,0,0,0,0,0,0,0,0
1983,2005,c002,c002,625,Вторая гражданская война в Судане,Судан,729,SDN,SDG,Sudan-North,SD,Africa,Northern Africa,1,0,0,268,1.0,0.0,0.0,0.0,0.0,1,1,1,0,0,0,1,0,2310.117647,1500.939394,4891,0.747,0.07115377352,0,-6,1412.367876,0,0,0,0,0,0,0,0,0,0,0,0,0,0,0,0,0,0,0,0,1527,17091.37529,10,0,0,0,0,0,1,0,0,0,0,0,0,0,0,0,1,0,0,0,0,0,0,0,1,0,0,0,0,0,0,0,0,0,0
1978,2022,c003,c003,700,Гражданская война в Афганистане,Афганистан,4,AFG,AFN,Afghanistan,AF,Asia,Southern Asia,1,0,0,541,0.0,1.0,0.0,0.0,0.0,1,0,0,0,0,0,0,1,7239.682927,7239.682927,35328,0.653,0.6369117055,0,-77,105.9,1,0,1,1,1,0,0,0,1,0,0,0,0,0,1,0,1,0,0,0,1070,15269,8,0,0,1,0,0,0,0,1,0,0,0,0,0,0,0,0,0,0,0,1,0,0,0,1,0,0,0,0,0,0,0,0,0,0
1991,1997,c005,c005,520,Вторая война в Сомали,Сомали,706,SOM,SOS,Somalia,SO,Africa,Sub-Saharan Africa,1,0,0,75,1.0,0.0,0.0,0.0,0.0,1,0,0,0,0,0,0,0,1630.166667,1346.733333,8005,0.138,0.09919771425,0,-77,44.72,0,0,0,0,0,0,0,0,0,0,0,0,0,0,0,0,0,0,0,0,99,7734,5,0,1,0,0,0,1,0,0,0,0,0,0,0,0,0,0,0,0,0,0,0,1,0,0,0,0,0,0,0,0,1,0,0,0
1991,1992,c006,c006,359,Восстание в Приднестровье (Война в Приднестровье),"Молдова, Приднестровье",498,MDA,MDL,Moldova,MD,Europe,Eastern Europe,1,0,0,7,1.0,0.0,0.0,0.0,0.0,0,1,0,0,0,0,0,1,585,585,585,0.562,0.003645833625,0,5,36.5,0,0,0,0,0,0,0,0,0,0,0,0,0,0,0,0,0,0,0,0,7957.6883,4400.565886,2,0,0,0,0,0,0,0,0,1,0,0,0,1,0,0,0,0,0,0,0,0,0,0,0,0,0,0,0,0,0,0,0,1,0
1992,1997,c007,c007,702,Гражданская война в Таджикистане,Таджикистан,762,TJK,TJS,Tajikistan,TJ,Asia,Central Asia,1,0,0,61,1.0,0.0,0.0,0.0,0.0,1,0,0,0,0,0,0,1,1391.833333,912.3,3355,0.545,0.9434444417,0,-6,35.46262004,0,0,0,0,0,0,1,0,0,0,0,0,1,0,0,0,1,0,0,0,2832.7034,5499.681619,8,0,1,0,0,0,0,0,1,0,0,1,0,0,0,0,0,0,0,0,0,0,0,0,0,0,0,0,0,0,0,0,1,0,0
1992,1995,c008,c008,346,Боснийская война (Восстание Республики Сербской и война за независимость Боснии),Босния и Герцеговина,70,BIH,BAM,Bosnia,BA,Europe,Southern Europe,1,0,0,47,0.0,1.0,0.0,0.0,0.0,0,1,0,0,0,0,0,0,3616.5,3616.5,16782,0.562,0.8095328273,0,-77,372.3,0,0,0,0,0,0,0,0,0,0,0,0,0,0,0,0,0,0,0,0,3830.2191,4233.145135,5,1,1,0,0,0,0,0,0,1,0,0,0,0,0,0,0,0,0,0,0,1,0,0,0,0,0,0,0,0,0,0,0,1,0
1992,1995,c009,c009,450,Вторая гражданская война в Либерии,Либерия,430,LBR,LRD,Liberia,LR,Africa,Sub-Saharan Africa,0,1,1,34,1.0,0.0,0.0,0.0,0.0,1,0,0,0,0,0,0,0,,508.5,1787,0.89,0.06707754788,1,-77,27.6,0,0,0,0,0,0,0,0,0,0,0,0,0,0,0,0,0,0,0,1,915.1206,2009,3,1,1,0,0,0,1,0,0,0,0,0,0,0,0,0,0,0,0,0,0,0,1,0,0,0,0,0,0,0,0,0,0,0,0
1996,1996,c010,c010,645,Восстание Курдов в Ираке (Седьмая Ирако-Курдская война),Северный Ирак,368,IRQ,IQD,Iraq,IQ,Asia,Western Asia,1,0,0,2,1.0,0.0,0.0,0.0,0.0,0,1,0,0,0,0,0,0,199,2919.78125,21790,0.421,0.08558300975,0,-9,1000,0,0,0,0,0,0,0,0,0,0,0,0,0,0,0,0,0,0,0,0,2337.5227,21636.85576,2,0,1,0,0,0,0,0,1,0,0,0,0,0,0,0,0,0,0,0,0,0,0,1,0,0,0,0,0,0,0,0,0,1,0
1986,2006,c011,c011,500,Деятельность Армии освобождения Господня в Уганде,Северная часть Уганды,800,UGA,UGX,Uganda,UG,Africa,Sub-Saharan Africa,1,0,0,234,1.0,0.0,0.0,0.0,0.0,0,0,0,1,0,0,0,1,656.3529412,478.9310345,1610,0.886,0.253673201,0,-7,172.906386,1,0,0,0,0,0,0,0,0,0,0,0,0,0,0,0,0,0,0,0,858,14910.724,11,0,0,0,0,0,1,0,0,0,0,0,0,0,0,0,0,0,0,0,0,0,1,0,1,0,0,0,0,0,0,0,0,0,0
1998,1999,c012,c012,345,Восстание в Косово (Война за независимость Косово),"Югославия, Косово",,,,Yugoslavia,YU,Europe,Southern Europe,1,0,0,13,1.0,0.0,0.0,0.0,0.0,0,1,0,0,0,0,0,0,1319.5,1162.8,2958,0.562,0.5926900427,0,,1109,0,0,0,0,0,0,0,0,0,0,0,0,0,0,0,0,0,0,0,0,2571,7568,2,0,0,0,0,0,0,0,0,1,0,0,0,0,0,0,0,0,0,0,0,1,0,0,0,0,0,0,0,0,0,0,0,1,0
1998,1999,c013,c013,404,Гражданская война в Гвинее-Бисау,Гвинея-Биссау,624,GNB,XOF,Guinea-Bissau,GW,Africa,Sub-Saharan Africa,1,0,0,14,1.0,0.0,0.0,0.0,0.0,1,0,0,0,0,0,0,0,352,352,505,0.807,0,0,-77,4.639950665,0,0,0,0,0,0,0,0,0,0,0,0,0,0,0,0,0,0,0,0,1130.8127,1163.292,2,0,0,0,0,0,1,0,0,0,0,0,0,0,0,0,0,0,0,0,0,0,1,0,0,0,0,0,0,1,0,0,0,0,0
1998,2003,c014,c014,490,Африканская мировая война (Вторая Конголезская война),ДРК,180,COD,CDF,Congo Kinshasa,CD,Africa,Sub-Saharan Africa,1,0,0,59,0.0,1.0,0.0,0.0,0.0,1,0,1,0,1,0,1,0,1992.25,813.5333333,4465,0.562,0.1157653341,1,-77,22.20668009,1,0,0,0,0,0,0,0,0,0,0,0,0,0,0,0,0,0,0,1,472.924,49607.26402,2,0,1,0,0,0,1,0,0,0,0,0,0,0,0,0,0,0,0,0,0,0,1,0,0,0,1,0,0,0,0,0,0,0,0
1999,2005,c015,c015,490,Война между Хема и Ленду в ДРК (Итурийский конфликт),"Итури, ДРК",180,COD,CDF,Congo Kinshasa,CD,Africa,Sub-Saharan Africa,1,0,0,69,0.0,0.0,0.0,1.0,0.0,0,0,1,0,0,0,0,0,1183.75,813.5333333,4465,0.562,0.1157653341,1,-77,80.9084006,1,0,0,0,0,0,0,0,0,0,0,0,0,0,0,0,0,0,0,1,452.0044,51181.3514,15,0,0,0,0,0,1,0,0,0,0,0,0,0,0,0,0,0,0,0,0,0,1,0,0,0,1,0,0,0,0,0,0,0,0
2004,2022,c016,c016,490,"Конфликт в Киву, ДРК","ДРК, Киву",180,COD,CDF,Congo Kinshasa,CD,Africa,Sub-Saharan Africa,1,0,0,308,1.0,0.0,0.0,0.0,0.0,0,0,1,0,0,0,0,0,444.5,813.5333333,4465,0.562,0.1157653341,1,-88,170.0284515,1,0,0,0,0,0,0,0,0,0,0,0,0,0,0,0,0,0,0,1,463.997,59598.52759,13,0,0,0,0,0,1,0,0,0,0,0,0,0,0,0,0,0,0,0,0,0,1,0,0,0,1,0,0,0,0,0,0,0,0
2001,2003,c017,c017,516,Третья война в Бурунди,Бурунди,108,BDI,BIF,Burundi,BI,Africa,Sub-Saharan Africa,1,0,0,32,1.0,0.0,0.0,0.0,0.0,1,0,0,0,0,0,0,1,1089.333333,431.2380952,1348,0.297,0.6758838545,0,-88,98.41393793,1,0,0,0,0,0,0,0,0,0,0,0,0,0,0,0,0,0,0,0,730.4278,6466,6,0,1,0,0,0,1,0,0,0,0,0,0,0,0,0,0,0,0,0,0,0,1,0,0,0,1,0,0,0,0,0,0,0,0
2002,2003,c018,c018,450,Четвертая война в Либерии (завершающий этап Второй гражданский войны в Либерии),Либерия,430,LBR,LRD,Liberia,LR,Africa,Sub-Saharan Africa,1,0,0,15,1.0,0.0,0.0,0.0,0.0,1,0,0,0,0,0,0,0,1139.5,508.5,1787,0.889,0.06707754788,1,0,27.6,0,0,0,0,0,0,0,0,0,0,0,0,0,0,0,0,0,0,0,1,1342.7588,2978,3,1,0,0,0,0,1,0,0,0,0,0,0,0,0,0,0,0,0,0,0,0,1,0,0,0,0,0,0,0,0,0,0,0,0
2002,2007,c019,c019,437,Первая Ивуарийская война (Гражданская война в Кот-д’Ивуаре),Кот-д’Ивуар,384,CIV,XOF,Ivory Coast,CI,Africa,Sub-Saharan Africa,1,0,0,54,0.0,0.0,0.0,0.0,1.0,1,0,0,1,0,0,1,0,270,227,624,0.562,0.03197623362,1,-77,294.2,0,0,0,0,0,0,0,0,0,0,0,0,0,0,0,0,0,0,0,1,2298.4566,18438.11033,5,0,0,0,0,0,1,0,0,0,0,0,0,0,0,0,0,0,0,0,0,0,1,0,0,0,0,1,0,0,0,0,0,0,0
2003,2011,c020,c020,645,Иракская война,Ирак,368,IRQ,IQD,Iraq,IQ,Asia,Western Asia,1,0,0,105,0.0,1.0,0.0,0.0,0.0,1,0,0,1,1,0,1,0,2229.75,2919.78125,21790,0.431,0.08558300975,0,-66,2094.7,0,0,0,0,0,0,0,0,0,0,0,0,0,0,0,0,0,0,0,0,3782.4526,26697.99245,5,0,1,0,0,0,0,0,1,0,0,0,0,0,0,0,0,0,0,0,0,0,0,1,0,0,0,0,0,0,0,0,0,1,0
2004,2017,c021,c021,770,Война в Вазиристане (конфликт в северо-западном Пакистане),Западный Пакистан,586,PAK,PKR,Pakistan,PK,Asia,Southern Asia,1,0,0,165,0.0,1.0,0.0,0.0,0.0,1,0,0,0,0,0,0,0,1235.041667,815.1315789,6303,0.72,0.3581278293,0,-5,5812.954478,1,0,1,0,0,0,0,0,0,0,0,5,0,0,0,0,1,0,0,0,3664.5334,161555.6032,6,0,1,0,0,0,0,0,1,0,0,0,0,0,0,0,0,0,0,0,1,0,0,0,1,0,0,0,0,0,0,0,0,0,0
2002,2015,c022,c022,840,Гражданский конфликт на Филиппинах,Филиппины,608,PHL,PHP,Philippines,PH,Asia,South-eastern Asia,1,0,0,185,1.0,0.0,0.0,0.0,0.0,0,0,0,0,0,0,0,0,258.1071429,278.9253731,1514,0.819,0.3729714568,0,8,2408.422128,0,0,0,0,0,0,0,0,0,0,0,0,0,0,0,0,0,0,0,0,4181.3757,84557.91076,13,0,1,0,0,0,0,0,1,0,0,0,0,0,0,0,0,0,0,1,0,0,0,0,0,0,0,0,1,0,0,0,0,0,0
2005,2009,c023,c023,483,Пятая война в Чаде,Чад,148,TCD,XAF,Chad,TD,Africa,Sub-Saharan Africa,1,0,0,41,1.0,0.0,0.0,0.0,0.0,1,0,0,0,0,0,0,1,508.2,316.75,1352,0.855,0.08355890776,0,-2,71.86743111,0,0,0,0,0,0,0,0,0,0,0,0,0,0,0,0,0,0,0,1,1266.105,9593.634802,23,0,0,0,0,0,1,0,0,0,0,0,0,0,0,0,0,0,0,0,0,0,1,0,0,0,0,1,0,0,0,0,0,0,0
2006,2009,c024,c024,520,Третья война в Сомали,Сомали,706,SOM,SOS,Somalia,SO,Africa,Sub-Saharan Africa,1,0,0,25,1.0,0.0,0.0,0.0,0.0,1,0,0,0,0,0,0,0,1262.75,1346.733333,8005,0.192,0.09919771425,0,-77,44.9,0,0,0,0,0,0,0,0,0,0,0,0,0,0,0,0,0,0,0,0,99,10780,12,0,1,0,0,0,1,0,0,0,0,0,0,0,0,0,0,0,0,0,0,0,1,0,0,0,0,0,0,0,0,1,0,0,0
1999,2000,c025,c025,850,Восстание в Восточном Тиморе,"Индонезия, Восточный Тимор",360,IDN,IDR,Indonesia,ID,Asia,South-eastern Asia,1,0,0,10,0.0,0.0,0.0,0.0,1.0,0,1,0,0,0,0,0,0,166.3333333,239,935,0.792,0.3194463094,0,6,2219.670132,0,0,0,0,0,0,0,0,0,0,0,0,0,1,0,0,0,0,0,1,5186.7134,208105.3019,2,1,1,0,0,0,0,0,1,0,0,0,0,0,0,0,0,0,0,1,0,0,0,0,0,1,0,0,0,0,0,0,0,0,0
2002,2022,c026,c026_1,432,Конфликт в Магрибе (Восстание исламистов в Магрибе),"Сахель (Мали, Чад, Нигер, Буркина Фасо, Мавритания)",466,MLI,XOF,Mali,ML,Africa,Sub-Saharan Africa,1,0,0,322,0.0,1.0,0.0,0.0,0.0,0,0,0,1,0,0,0,1,199,199.9615385,836,0.853,0.005986957819,0,5,77.32959985,0,0,0,0,0,0,0,0,0,0,0,0,0,0,0,0,0,0,0,1,1321.3388,11007.4171,12,0,0,0,0,0,1,0,0,0,0,0,0,0,0,0,0,0,0,0,0,0,1,0,0,0,0,1,0,0,0,0,0,0,0
2002,2022,c026,c026_2,435,Конфликт в Магрибе (Восстание исламистов в Магрибе),"Сахель (Мали, Чад, Нигер, Буркина Фасо, Мавритания)",478,MRT,MRU,Mauritania,MR,Africa,Sub-Saharan Africa,1,0,0,322,0.0,1.0,0.0,0.0,0.0,0,0,0,1,0,0,0,0,29,29,29,0.7,0.005986244548,1,-6,62.64871446,0,0,0,0,0,0,0,0,0,0,0,0,0,0,0,0,0,0,0,0,1967.4483,2632,12,0,0,0,0,0,1,0,0,0,0,0,0,0,0,0,0,0,0,0,0,0,1,0,0,0,0,1,0,0,0,0,0,0,0
2002,2022,c026,c026_3,436,Конфликт в Магрибе (Восстание исламистов в Магрибе),"Сахель (Мали, Чад, Нигер, Буркина Фасо, Мавритания)",562,NER,XOF,Niger,NE,Africa,Sub-Saharan Africa,1,0,0,322,0.0,1.0,0.0,0.0,0.0,0,0,0,1,0,0,0,1,212.7,156.1333333,512,0.668,0.01941283258,0,5,34.30527549,0,0,0,0,0,0,0,0,0,0,0,0,0,0,0,0,0,0,0,0,734.5916,11579.87253,12,0,0,0,0,0,1,0,0,0,0,0,0,0,0,0,0,0,0,0,0,0,1,0,0,0,0,1,0,0,0,0,0,0,0
2002,2022,c026,c026_4,439,Конфликт в Магрибе (Восстание исламистов в Магрибе),"Сахель (Мали, Чад, Нигер, Буркина Фасо, Мавритания)",854,BFA,XOF,Burkina Faso,BF,Africa,Sub-Saharan Africa,1,0,0,322,0.0,1.0,0.0,0.0,0.0,0,0,0,1,0,0,0,1,278,278,836,0.766,0.001261174931,1,0,70.65605995,0,0,0,0,0,0,0,0,0,0,0,0,0,0,0,0,0,0,0,0,1255.5571,12379.55124,12,0,0,0,0,0,1,0,0,0,0,0,0,0,0,0,0,0,0,0,0,0,1,0,0,0,0,1,0,0,0,0,0,0,0
2002,2022,c026,c026_5,483,Конфликт в Магрибе (Восстание исламистов в Магрибе),"Сахель (Мали, Чад, Нигер, Буркина Фасо, Мавритания)",148,TCD,XAF,Chad,TD,Africa,Sub-Saharan Africa,1,0,0,322,0.0,1.0,0.0,0.0,0.0,0,0,0,1,0,0,0,1,248.1764706,316.75,1352,0.855,0.08355890776,0,-1,58.87175804,0,0,0,0,0,0,0,0,0,0,0,0,0,0,0,0,0,0,0,1,831.8292,8394.595064,12,0,1,0,0,0,1,0,0,0,0,0,0,0,0,0,0,0,0,0,0,0,1,0,0,0,0,1,0,0,0,0,0,0,0
2004,2007,c027,c027,482,Первая гражданская война в ЦАР,ЦАР,140,CAF,XAF,Central African Republic,CF,Africa,Sub-Saharan Africa,1,0,0,29,1.0,0.0,0.0,0.0,0.0,1,0,0,0,0,0,0,1,46,148.4666667,928,0.792,0.009161166153,0,-1,38.56806556,0,0,0,0,0,0,0,0,0,0,0,0,0,0,0,0,0,0,0,1,853.182,4289,4,0,0,0,0,0,1,0,0,0,0,0,0,0,0,0,0,0,0,0,0,0,1,0,0,0,0,1,0,0,0,0,0,0,0
2008,2008,c028,c028,372,Война в Южной Осетии (Восьмидневная война),"Грузия, Южная Осетия",268,GEO,GEL,Georgia,GE,Asia,Western Asia,1,0,0,0,1.0,0.0,0.0,0.0,0.0,0,1,0,0,0,0,0,0,621,404.25,1611,0.398,0.7855394508,0,6,805.5461205,0,0,0,0,0,0,0,0,0,0,0,0,0,0,0,0,0,0,0,0,8461.9173,4819.387348,2,0,1,0,0,0,0,0,1,0,0,0,0,0,0,0,0,0,0,0,0,0,0,1,0,0,0,0,0,0,0,0,1,0,0
2009,2022,c029,c029,520,Четвертая Гражданская война в Сомали,Сомали,706,SOM,SOS,Somalia,SO,Africa,Sub-Saharan Africa,1,0,0,273,1.0,0.0,0.0,0.0,0.0,1,0,0,1,0,0,1,0,1388.588235,1346.733333,8005,0.204,0.09919771425,0,-77,44.9,0,0,0,0,0,0,0,0,0,0,0,0,0,0,0,0,0,0,0,0,99,11730,13,0,1,0,0,0,1,0,0,0,0,0,0,0,0,0,0,0,0,0,0,0,1,0,0,0,0,0,0,0,0,1,0,0,0
2011,2022,c030,c030,620,Гражданская Война в Ливии,Ливия,434,LBY,LYD,Libya,LY,Africa,Northern Africa,1,0,0,245,1.0,0.0,0.0,0.0,0.0,1,0,0,1,0,0,1,0,730.5,730.5,3762,0.254,0.03899025211,0,-77,2222.2,0,0,0,0,0,0,0,0,0,0,0,0,0,0,0,0,0,0,0,0,12893,6143.645209,6,1,0,0,0,0,1,0,0,0,0,0,0,0,0,0,1,0,0,0,0,0,0,0,0,0,0,0,0,0,0,0,0,1,0
2011,2022,c031,c031,652,Гражданская война в Сирии,Сирия,760,SYR,SYP,Syria,SY,Asia,Western Asia,1,0,0,245,1.0,0.0,0.0,0.0,0.0,1,0,0,1,0,0,1,0,12821.26923,12821.26923,70506,0.562,0.1631231218,0,-7,2490,0,0,0,0,0,0,0,0,0,0,0,0,0,0,0,0,0,0,0,0,5979,21064.66488,2,1,1,0,0,0,0,0,1,0,0,0,0,0,0,0,0,0,0,0,0,0,0,1,0,0,0,0,0,0,0,0,0,1,0
2012,2022,c032,c032,482,Вторая гражданская война в ЦАР (Выступление Селеки),ЦАР,140,CAF,XAF,Central African Republic,CF,Africa,Sub-Saharan Africa,1,0,0,223,0.0,0.0,0.0,0.0,1.0,1,0,0,0,0,0,0,1,195.3333333,148.4666667,928,0.791,0.009161166153,0,-1,77.39867282,0,0,0,0,0,0,0,0,0,0,0,0,0,0,0,0,0,0,0,1,916,5057,10,0,0,0,0,0,1,0,0,0,0,0,0,0,0,0,0,0,0,0,0,0,1,0,0,0,0,1,0,0,0,0,0,0,0
2012,2022,c033,c033,432,Война в Мали (Восстание в Азаваде),Мали,466,MLI,XOF,Mali,ML,Africa,Sub-Saharan Africa,1,0,0,230,0.0,0.0,0.0,0.0,1.0,0,1,0,0,0,0,0,1,226.3157895,199.9615385,836,0.852,0.005986957819,0,-77,132.9992415,0,0,0,0,0,0,0,0,0,0,0,0,0,0,0,0,0,0,0,1,1448,14040.31113,2,1,0,0,0,0,1,0,0,0,0,0,0,0,0,0,0,0,0,0,0,0,1,0,0,0,0,1,0,0,0,0,0,0,0
2014,2019,c034,c034_1,645,"Восстание ИГИЛ [орг., запрещенная в РФ] в Сирии и Ираке","Сирия, Ирак",368,IRQ,IQD,Iraq,IQ,Asia,Western Asia,1,0,0,71,0.0,1.0,0.0,0.0,0.0,0,0,0,1,0,0,0,0,7651,2919.78125,21790,0.562,0.08558300975,0,6,6936.06906,0,0,0,0,0,0,0,0,0,0,0,0,0,0,0,0,0,0,0,0,12817,35825.61733,11,0,1,0,0,0,0,0,1,0,0,0,0,0,0,0,0,0,0,0,0,0,0,1,0,0,0,0,0,0,0,0,0,1,0
2014,2019,c034,c034_2,652,"Восстание ИГИЛ [орг., запрещенная в РФ] в Сирии и Ираке","Сирия, Ирак",760,SYR,SYP,Syria,SY,Asia,Western Asia,1,0,0,71,0.0,1.0,0.0,0.0,0.0,0,0,0,1,0,0,0,0,12732.1875,12821.26923,70506,0.562,0.1631231218,0,-9,6936,0,0,0,0,0,0,0,0,0,0,0,0,0,0,0,0,0,0,0,0,3536,18695.48978,11,0,1,0,0,0,0,0,1,0,0,0,0,0,0,0,0,0,0,0,0,0,0,1,0,0,0,0,0,0,0,0,0,1,0
2014,2022,c035,c035,679,Гражданская война в Йемене,Йемен,,,,,,Asia,Western Asia,1,0,0,197,1.0,0.0,0.0,0.0,0.0,1,0,1,0,0,0,1,0,181,5440.57,23189,0.562,0.274,0,-77,1610,0,0,0,0,0,0,0,0,0,0,0,0,0,0,0,0,0,0,0,0,1557,27750,6,1,0,0,0,0,0,0,0,0,0,0,0,0,0,0,0,0,0,0,0,0,0,0,1,0,0,0,0,0,0,0,0,0,0
1972,2022,c037,c037,840,Война с Новой Народной Армией на Филиппинах,Филиппины,608,PHL,PHP,Philippines,PH,Asia,South-eastern Asia,0,1,0,608,1.0,0.0,0.0,0.0,0.0,1,0,0,0,0,0,0,0,278.9253731,278.9253731,1514,0.829,0.3729714568,0,-9,1406.21653,0,0,0,0,0,0,0,0,0,0,0,0,0,0,0,0,0,0,0,0,2954,40850.141,15,0,1,0,0,0,0,0,1,0,0,0,0,0,0,0,0,0,0,1,0,0,0,0,0,0,0,0,1,0,0,0,0,0,0
1982,1992,c038,c038,135,Война с партией Сияющий Путь (Сендеро Луминосо) в Перу,Перу,604,PER,PEN,Peru,PE,Americas,Latin America and the Caribbean,0,1,0,118,1.0,0.0,0.0,0.0,0.0,1,0,0,0,0,0,0,0,1275,441.7333333,1827,0.63,0.4943915202,0,7,8377.523258,0,0,0,0,0,0,0,0,0,0,0,0,0,1,0,0,0,0,0,0,6770,18173,4,0,1,0,0,1,0,1,0,0,0,0,0,0,1,0,0,0,0,0,0,0,0,0,0,0,0,0,1,0,0,0,0,0,0
1987,1994,c039,c039,560,Конфликт между Африканским Национальным Конгрессом и Партией свободы Инката в ЮАР,ЮАР,710,ZAF,ZAR,South Africa,ZA,Africa,Sub-Saharan Africa,0,1,0,76,1.0,0.0,0.0,0.0,0.0,1,0,0,0,0,0,0,0,150,3575,7000,0.857,0.3037346251,1,4,4242.494716,1,1,0,0,0,0,0,0,0,0,0,1,0,1,0,0,0,0,0,1,6212,35947.696,3,0,1,0,0,0,1,0,0,0,0,0,0,0,0,0,0,0,0,0,0,0,1,0,1,0,0,0,0,0,0,0,0,0,0
1948,2022,c040,c040,775,Гражданская война в Мьянме,"Мьянма, штаты Качин и Шан",104,MMR,MMK,Myanmar (Burma),MM,Asia,South-eastern Asia,0,1,0,902,1.0,0.0,0.0,0.0,0.0,1,0,0,0,0,0,0,0,139.7934783,139.7934783,1163,0.398,0.4854697313,0,6,158.5,5,0,0,0,0,0,0,1,0,0,1,0,0,0,1,0,1,0,1,1,131,17818,27,0,0,0,0,0,0,0,1,0,0,0,0,0,0,0,0,0,0,1,0,0,0,0,1,0,0,0,0,0,0,0,0,0,0
1988,2022,c041,c041,100,"Гражданская война в Колумбии (Восстание РВСК, НАО)",Колумбия,170,COL,COP,Colombia,CO,Americas,Latin America and the Caribbean,0,1,0,417,1.0,0.0,0.0,0.0,0.0,1,0,0,0,0,0,0,0,691,691,2751,0.65,0.2617515789,0,8,1745.503005,0,0,0,0,0,0,0,0,0,0,0,0,0,0,0,0,0,0,0,0,7442,31673,11,0,1,1,1,1,0,1,0,0,0,0,0,0,1,0,0,0,0,0,0,0,0,0,0,0,0,0,1,0,0,0,0,0,0
1990,2005,c042,c042,750,Восстание в Джамму и Кашмир,"Индия, Джамму и Кашмир",356,IND,INR,India,IN,Asia,Southern Asia,0,1,0,400,1.0,0.0,0.0,0.0,0.0,0,1,0,0,0,0,0,0,294.3085106,258.9872611,2673,0.562,0.1975898628,1,8,20900.84615,1,1,1,0,0,0,0,0,0,0,1,0,0,0,1,1,0,0,1,1,2087,839000,3,0,1,1,0,0,0,0,1,0,0,0,0,0,0,0,0,0,0,0,1,0,0,0,1,0,0,0,0,0,0,0,0,0,1
1991,1999,c043,c043,640,Курдское восстание в Турции (Вторая Турко-Курдская война),Турция,792,TUR,TRY,Turkey,TR,Asia,Western Asia,0,1,0,100,1.0,0.0,0.0,0.0,0.0,0,1,0,0,0,0,0,0,1916.75,865.1463415,4336,0.328,0.7079405305,0,9,7454.051418,0,0,0,0,0,0,0,0,0,0,1,0,0,0,0,0,0,0,0,0,8658.3784,57740.37555,2,0,1,0,0,0,0,0,1,0,0,0,0,0,0,0,0,0,0,0,0,0,0,1,0,0,0,0,0,0,0,0,0,0,0
1961,1993,c044,c044,645,Восстание иракских курдов,Северный Ирак,368,IRQ,IQD,Iraq,IQ,Asia,Western Asia,1,0,0,386,1.0,0.0,0.0,0.0,0.0,0,1,0,0,0,0,0,0,2761.888889,2919.78125,21790,0.368,0.08558300975,0,-5,0.07552746568,0,0,0,0,0,0,0,0,0,0,0,0,0,0,0,0,0,0,0,0,4720,7026.278,5,0,0,0,0,0,0,0,1,0,0,0,0,0,0,0,0,0,0,0,0,0,0,1,0,0,0,0,0,0,0,0,0,1,0
1991,1992,c045,c045,625,Война между Динка и Нуэр в Судане,Юг Судана,729,SDN,SDG,Sudan-North,SD,Africa,Northern Africa,0,1,0,6,1.0,0.0,0.0,0.0,0.0,0,0,1,0,0,0,0,0,1200,1500.939394,4891,0.747,0.07115377352,0,-7,1215.5,0,0,0,0,0,0,0,0,0,0,0,0,0,0,0,0,0,0,0,0,1277.6892,21253.92004,4,0,1,0,0,0,1,0,0,0,0,0,0,0,0,0,1,0,0,0,0,0,0,0,1,0,0,0,0,0,0,0,0,0,0
1991,1992,c046,c046,372,Южноосетинкское восстание (Южноосетинская война),"Южная Осетия, Грузия",268,GEO,GEL,Georgia,GE,Asia,Western Asia,0,1,1,17,0.0,1.0,0.0,0.0,0.0,0,1,0,0,0,0,0,0,205.75,404.25,1611,0.511,0.7855394508,0,3,97.5,0,0,0,0,0,0,0,0,0,0,0,0,0,0,0,0,0,0,0,0,9535.0506,5425.496649,3,0,1,0,0,0,0,0,1,0,0,0,0,0,0,0,0,0,0,0,0,0,0,1,0,0,0,0,0,0,0,0,1,0,0
1991,1992,c047,c047,475,Война между народами Тив и Джукун в Нигерии,"Нигерия, штаты Бенуэ и Плато",566,NGA,NGN,Nigeria,NG,Africa,Sub-Saharan Africa,0,1,0,5,1.0,0.0,0.0,0.0,0.0,0,0,1,0,0,0,0,0,100,1077,4780,0.856,0.07956895279,0,-5,704.1533913,1,0,1,0,0,0,0,0,0,0,1,0,1,0,0,0,1,0,0,0,1759.0035,98958.06575,3,0,0,0,0,0,1,0,0,0,0,0,0,0,0,0,0,0,0,0,0,0,1,0,1,0,0,0,0,0,0,0,0,0,0
1991,1993,c048,c048,373,Восстание в Нагорном Карабахе (Война в Нагорном Карабахе),"Нагорный Карабах, Азербайджан",31,AZE,AZN,Azerbaijan,AZ,Asia,Western Asia,0,1,0,14,1.0,0.0,0.0,0.0,0.0,0,1,0,0,0,0,0,1,858.25,771.0588235,7646,0.297,0.4539061133,0,-3,141.3,0,0,0,0,0,0,0,0,0,0,0,0,0,0,0,0,0,1,0,0,7319.1365,7299.580277,2,0,1,0,0,0,0,0,1,0,0,0,0,0,0,0,0,0,0,0,0,0,0,1,0,0,0,0,0,0,0,0,1,0,0
1991,1992,c049,c049,345,Война за независимость Хорватии,"Югославия, Хорватия",,,,Yugoslavia,YU,Europe,Southern Europe,0,1,1,8,1.0,0.0,0.0,0.0,0.0,0,1,0,0,0,0,0,0,1058.333333,1162.8,2958,0.562,0.5926900427,0,-5,1959,0,0,0,0,0,0,0,0,0,0,0,0,0,0,0,0,0,0,0,0,5182,4689,4,1,0,0,0,0,0,0,0,1,0,0,0,0,0,0,0,0,1,0,0,0,0,0,0,0,0,0,0,0,0,0,0,1,0
1992,1999,c050,c050,615,Вооруженная активность алжирского исламского фронта (Гражданская война в Алжире),Алжир,12,DZA,DZD,Algeria,DZ,Africa,Northern Africa,0,1,0,73,1.0,0.0,0.0,0.0,0.0,0,0,0,1,0,0,0,0,1566,631.3,3029,0.348,0.1253819154,0,-7,1105.263849,0,0,0,0,0,0,0,0,0,0,0,0,0,0,0,0,0,0,0,0,4850.2233,26386.96538,6,1,1,0,0,0,1,0,0,0,0,0,0,0,0,0,1,0,0,0,0,0,0,0,0,0,0,1,0,0,0,0,0,0,0
1997,1998,c051,c051,517,Третья война между хуту и тутси в Руанде,Северо-запад Руанды,646,RWA,RWF,Rwanda,RW,Africa,Sub-Saharan Africa,0,1,0,19,1.0,0.0,0.0,0.0,0.0,0,0,1,0,0,0,0,1,866,530.1578947,2044,0.242,0.8354012444,0,-6,93.20649483,1,0,0,0,0,0,0,0,0,0,0,0,0,0,0,0,0,0,0,0,932.0059,7394.524687,3,0,1,0,0,0,1,0,0,0,0,0,0,0,0,0,0,0,0,0,0,0,1,0,0,0,1,0,0,0,0,0,0,0,0
1992,1994,c052,c052,540,Война городов в Анголе (этап гражданской войны в Анголе),"Ангола, г. Уамбо",24,AGO,AOA,Angola,AO,Africa,Sub-Saharan Africa,0,1,1,25,1.0,0.0,0.0,0.0,0.0,1,0,0,0,0,0,0,0,3674.8,1096.892857,12054,0.776,0.1425038281,1,-77,98.19385302,0,0,0,0,0,0,0,0,0,0,0,0,0,0,0,0,0,0,0,1,1389.3295,8898.844005,3,0,1,0,0,0,1,0,0,0,0,0,0,0,0,0,0,0,0,0,0,0,1,0,0,0,0,0,0,1,0,0,0,0,0
1993,1998,c053,c053,811,Вторая гражданская война в Камбодже (деятельность PGNUNSC и DNUM),"Камбоджа, Провинция Пайлин и др.",116,KHM,KHR,Cambodia,KH,Asia,South-eastern Asia,0,1,1,62,0.0,0.0,0.0,0.0,1.0,1,0,0,0,0,0,0,0,480.1666667,394.5454545,818,0.179,0.135164972,0,1,93.74551743,1,0,0,0,0,0,0,0,0,0,0,0,0,0,0,0,0,0,0,0,1384.2925,10598.2051,8,0,0,0,0,0,0,0,1,0,0,0,0,0,0,0,0,0,0,1,0,0,0,0,0,0,0,1,0,0,0,0,0,0,0
1993,1994,c054,c054,373,Армяно-Азербайджанская война (Карабахский конфликт),"Нагорный Карабах, Азербайджан",31,AZE,AZN,Azerbaijan,AZ,Asia,Western Asia,0,1,0,15,0.0,0.0,1.0,0.0,0.0,0,0,0,0,1,0,0,1,912.6666667,771.0588235,7646,0.272,0.4539061133,0,-3,311.3334321,0,0,0,0,0,0,0,0,0,0,0,0,0,0,0,0,0,1,0,0,4315.3567,7528.101229,2,0,0,0,0,0,0,0,1,0,0,0,0,0,0,0,0,0,0,0,0,0,0,1,0,0,0,0,0,0,0,0,1,0,0
1992,1994,c055,c055,372,Восстание в Абхазии (Война в Абхазии),"Абхазия, Грузия",268,GEO,GEL,Georgia,GE,Asia,Western Asia,0,1,1,23,1.0,0.0,0.0,0.0,0.0,0,1,0,0,0,0,0,0,506.8,404.25,1611,0.504,0.7855394508,0,-77,97.5,0,0,0,0,0,0,0,0,0,0,0,0,0,0,0,0,0,0,0,0,5286.9248,5366.290735,3,0,1,0,0,0,0,0,1,0,0,0,0,0,0,0,0,0,0,0,0,0,0,1,0,0,0,0,0,0,0,0,1,0,0
1993,1998,c056,c056,516,Вторая война в Бурунди,Бурунди,108,BDI,BIF,Burundi,BI,Africa,Sub-Saharan Africa,0,1,0,57,1.0,0.0,0.0,0.0,0.0,1,0,1,0,0,0,1,1,420.2,431.2380952,1348,0.29,0.6758838545,0,-77,70.4169814,1,0,0,0,0,0,0,0,0,0,0,0,0,0,0,0,0,0,0,0,1075.6154,5433.427,6,1,0,0,0,0,1,0,0,0,0,0,0,0,0,0,0,0,0,0,0,0,1,0,0,0,1,0,0,0,0,0,0,0,0
1994,1994,c057,c057,679,Восстание в Южном Йемене (Война за отделение Южного Йемена),Йемен,,,,,,Asia,Western Asia,0,1,0,5,1.0,0.0,0.0,0.0,0.0,0,1,0,0,0,0,0,0,1489,1489,1489,0.562,0.274,0,-2,3119.8,0,0,0,0,0,0,0,0,0,0,0,0,0,0,0,0,0,0,0,0,267,15550,2,0,0,0,0,0,0,0,1,0,0,0,0,0,0,0,0,0,0,0,0,0,0,1,1,0,0,0,0,0,0,0,0,0,0
1994,1994,c058,c058,517,Геноцид Тутси в Руанде (Вторая война в Руанде),Руанда,646,RWA,RWF,Rwanda,RW,Africa,Sub-Saharan Africa,1,0,0,3,1.0,0.0,0.0,0.0,0.0,0,0,1,0,0,0,0,1,1208,530.1578947,2044,0.235,0.8354012444,0,-6,42.23806457,1,0,0,0,0,0,0,0,0,0,0,0,0,0,0,0,0,0,0,0,707.2971,5992.263394,2,1,1,0,0,0,1,0,0,0,0,0,0,0,0,0,0,0,0,0,0,0,1,0,0,0,1,0,0,0,0,0,0,0,0
1994,1996,c059,c059,365,Первая Чеченская война,"Россия, Чечня, Ингушетия, Дагестан и Ставропольский край",643,RUS,RUB,Russia,RU,Europe,Eastern Europe,0,1,0,20,1.0,0.0,0.0,0.0,0.0,0,1,0,0,0,0,0,0,1568,688.4375,5769,0.562,0.2373079868,1,3,36036,1,1,1,1,1,0,1,1,0,0,1,0,1,0,1,0,0,0,1,1,8743.7469,148172.559,2,0,1,0,0,0,0,0,0,1,0,0,0,1,0,0,0,0,0,0,0,0,0,0,0,0,0,0,0,0,0,0,0,0,1
1994,1998,c060,c060,645,Междоусобная война иракских курдов,Северный Ирак,368,IRQ,IQD,Iraq,IQ,Asia,Western Asia,1,0,0,54,0.0,0.0,0.0,1.0,0.0,1,0,0,0,0,0,0,0,203.8,2919.78125,21790,0.418,0.08558300975,0,-9,2094.7,0,0,0,0,0,0,0,0,0,0,0,0,0,0,0,0,0,0,0,0,2108.538,20342.02937,5,0,1,0,0,0,0,0,1,0,0,0,0,0,0,0,0,0,0,0,0,0,0,1,0,0,0,0,0,0,0,0,0,1,0
1995,1995,c061,c061_1,130,Война Альто-Сенепа,"Эквадор и Перу, долина Сенепа",218,ECU,USD,Ecuador,EC,Americas,Latin America and the Caribbean,0,1,0,1,0.0,0.0,1.0,0.0,0.0,0,0,0,0,0,0,0,0,99,99,99,0.61,0.4515349945,0,9,1854.267682,0,0,0,0,0,0,0,0,0,0,0,0,0,0,0,0,0,0,0,0,6985.1555,11265.611,2,1,1,0,0,0,0,1,0,0,0,0,0,0,1,0,0,0,0,0,0,0,0,0,0,0,0,0,1,0,0,0,0,0,0
1995,1995,c061,c061_2,135,Война Альто-Сенепа,"Эквадор и Перу, долина Сенепа",604,PER,PEN,Peru,PE,Americas,Latin America and the Caribbean,0,1,0,1,0.0,0.0,1.0,0.0,0.0,0,0,0,0,0,0,0,0,178,441.7333333,1827,0.625,0.4943915202,0,-1,2122.258718,0,0,0,0,0,0,0,0,0,0,0,0,0,1,0,0,0,0,0,0,5668.0329,23902.03057,2,1,1,0,0,1,0,1,0,0,0,0,0,0,1,0,0,0,0,0,0,0,0,0,0,0,0,0,1,0,0,0,0,0,0
1995,1995,c062,c062,344,Восстание в Хорватии и восстание в Сербской Краине (Война в Хорватии),"Югославия, Хорватия",191,HRV,HRK,Croatia,HR,Europe,Southern Europe,0,1,1,6,1.0,0.0,0.0,0.0,0.0,0,1,0,0,0,0,0,0,858,1764.333333,4025,0.292,0.3550184373,0,-5,2973.616157,0,0,0,0,0,0,0,0,0,0,0,0,0,0,0,0,0,0,0,0,10180.2515,4359.869403,3,0,1,0,0,0,0,0,0,1,0,0,0,0,0,0,0,0,0,0,0,1,0,0,0,0,0,0,0,0,1,0,0,0,0
1996,1997,c063,c063,490,Шестая война в ДРК (Первая Конголезская война),ДРК (Заир),180,COD,CDF,Congo Kinshasa,CD,Africa,Sub-Saharan Africa,1,0,0,7,1.0,0.0,0.0,0.0,0.0,1,0,0,0,0,0,0,0,2884.5,813.5333333,4465,0.562,0.1157653341,1,-77,89.61421866,1,0,0,0,0,0,0,0,0,0,0,0,0,0,0,0,0,0,0,1,523.8681,47558.51908,5,0,0,0,0,0,1,0,0,0,0,0,0,0,0,0,0,0,0,0,0,0,1,0,0,0,1,0,0,0,0,0,0,0,0
1997,1997,c064,c064,484,"Первая война в Браззавиле, Республика Конго","Конго, Браззавиль",178,COG,XAF,Congo Brazzaville,CG,Africa,Sub-Saharan Africa,1,0,0,4,1.0,0.0,0.0,0.0,0.0,1,0,0,0,0,0,0,0,10033,2370.666667,10033,0.707,0.02384835074,0,-6,182.4,0,0,0,0,0,0,0,0,0,0,0,0,0,0,0,0,0,0,0,1,3899.7627,2750.139098,3,1,0,0,0,0,1,0,0,0,0,0,0,0,0,0,0,0,0,0,0,0,1,0,0,0,0,1,0,0,0,0,0,0,0
1991,2002,c065,c065,451,Гражданская война в Сьерра-Леоне,Сьерра-Леоне,694,SLE,SLL,Sierra Leone,SL,Africa,Sub-Saharan Africa,1,0,0,130,1.0,0.0,0.0,0.0,0.0,1,0,0,0,0,0,0,0,1043,1043,3287,0.8,0.09088492166,1,-6,31.50490484,1,0,0,0,0,0,0,0,0,0,0,0,0,0,0,0,0,0,0,1,1467.3888,4335,5,0,0,0,0,0,1,0,0,0,0,0,0,0,0,0,0,0,0,0,0,0,1,0,1,0,0,0,0,0,0,0,0,0,0
1998,2000,c066,c066_1,530,Война в Бадме (Эфиопо-Эритрейский конфликт),"Эритерея; Эфиопия, пограничные территории",231,ETH,ETB,Ethiopia,ET,Africa,Sub-Saharan Africa,0,1,1,31,0.0,0.0,1.0,0.0,0.0,0,0,0,0,1,0,0,1,138.8333333,1663,30633,0.79,0.4733379256,0,,1111.786964,0,0,0,0,0,0,0,0,0,1,0,0,0,0,0,0,0,0,0,0,786.279,61980.65285,6,0,0,0,1,0,1,0,0,0,0,0,0,0,0,0,0,0,0,0,0,0,1,0,0,0,0,0,0,0,0,0,0,0,0
1998,2000,c066,c066_2,531,Война в Бадме (Эфиопо-Эритрейский конфликт),"Эритерея; Эфиопия, пограничные территории",232,ERI,ERN,Eritrea,ER,Africa,Sub-Saharan Africa,0,1,1,31,0.0,0.0,1.0,0.0,0.0,0,0,0,0,1,0,0,0,24554.25,14047.14286,50000,0.675,0.5336852857,0,-6,1701.475245,0,0,0,0,0,0,0,0,0,0,0,0,0,0,0,0,0,0,0,0,320,2323,2,0,0,0,0,0,1,0,0,0,0,0,0,0,0,0,0,0,0,0,0,0,1,0,0,0,0,0,0,0,0,1,0,0,0
1998,2003,c067,c067,483,Конфликт в Тогоими (борьба MDJT с правительством Чада),"Чад, Тогоими",148,TCD,XAF,Chad,TD,Africa,Sub-Saharan Africa,0,1,0,60,1.0,0.0,0.0,0.0,0.0,1,0,0,0,0,0,0,1,329,316.75,1352,0.854,0.08355890776,0,-1,26.42793766,0,0,0,0,0,0,0,0,0,0,0,0,0,0,0,0,0,0,0,1,753.8608,7309.687566,17,0,0,0,0,0,1,0,0,0,0,0,0,0,0,0,0,0,0,0,0,0,1,0,0,0,0,1,0,0,0,0,0,0,0
1999,2002,c068,c068,850,Молуккский религиозный конфликт,"Молуккские о-ва (Малуку), Индонезия",360,IDN,IDR,Indonesia,ID,Asia,South-eastern Asia,0,1,0,37,1.0,0.0,0.0,0.0,0.0,0,0,0,1,0,0,0,0,248.6,239,935,0.792,0.3194463094,0,6,2219.670132,0,0,0,0,0,0,0,0,0,0,0,0,0,1,0,0,0,0,0,1,5186.7134,208105.3019,2,1,1,0,0,0,0,0,1,0,0,0,0,0,0,0,0,0,0,1,0,0,0,0,0,1,0,0,0,0,0,0,0,0,0
2011,2011,c069,c069,437,Вторая гражданская война в Кот д'Ивуаре,Кот д'Ивуар,384,CIV,XOF,Ivory Coast,CI,Africa,Sub-Saharan Africa,1,0,0,2,0.0,0.0,0.0,0.0,1.0,1,0,0,0,0,0,0,0,98,227,624,0.562,0.03197623362,1,4,319.2538753,0,0,0,0,0,0,0,0,0,0,0,0,0,0,0,0,0,0,0,1,2444,23344.89061,5,0,1,0,0,0,1,0,0,0,0,0,0,0,0,0,0,0,0,0,0,0,1,0,0,0,0,1,0,0,0,0,0,0,0
1999,2004,c070,c070,850,"Восстание в Ачехе (Аче) (Вторая Ачехская война (этап конфликте в Ачехе, Индонезия))","Индонезия, Ачех",360,IDN,IDR,Indonesia,ID,Asia,South-eastern Asia,0,1,0,67,1.0,0.0,0.0,0.0,0.0,0,1,0,0,0,0,0,0,435.1428571,239,935,0.792,0.3194463094,0,6,2219.670132,0,0,0,0,0,0,0,0,0,0,0,0,0,1,0,0,0,0,0,1,5186.7134,208105.3019,1,1,1,0,0,0,0,0,1,0,0,0,0,0,0,0,0,0,0,1,0,0,0,0,0,1,0,0,0,0,0,0,0,0,0
1999,1999,c071,c071_1,750,Каргильская война,Индия; Пакистан,356,IND,INR,India,IN,Asia,Southern Asia,0,1,0,2,0.0,0.0,1.0,0.0,0.0,0,0,0,0,1,0,0,0,296.1428571,258.9872611,2673,0.562,0.1975898628,1,9,29782.06712,1,1,1,0,0,0,0,0,0,0,1,0,0,0,1,1,0,0,1,1,2707.7406,990242.992,2,0,1,1,0,0,0,0,1,0,0,0,0,0,0,0,0,0,0,0,1,0,0,0,1,0,0,0,0,0,0,0,0,0,0
1999,1999,c071,c071_2,770,Каргильская война,Индия; Пакистан,586,PAK,PKR,Pakistan,PK,Asia,Southern Asia,0,1,0,2,0.0,0.0,1.0,0.0,0.0,0,0,0,0,1,0,0,0,42,815.1315789,6303,0.703,0.3581278293,0,-6,4532.051623,1,0,1,0,0,0,0,0,0,0,0,5,0,0,0,0,1,0,0,0,3111.9586,141497.1268,2,1,1,1,0,0,0,0,1,0,0,0,0,0,0,0,0,0,0,0,1,0,0,0,1,0,0,0,0,0,0,0,0,0,0
1999,2009,c072,c072,365,Вторая Чеченская война,"Россия, Северный Кавказ",643,RUS,RUB,Russia,RU,Europe,Eastern Europe,0,1,0,122,1.0,0.0,0.0,0.0,0.0,0,0,0,1,0,0,0,0,1129.923077,688.4375,5769,0.562,0.2373079868,1,3,16164.5,1,1,1,1,1,0,1,1,0,0,1,0,1,0,1,0,0,0,1,1,9340.0294,146576.087,2,1,1,0,0,0,0,0,0,1,0,0,0,1,0,0,0,0,0,0,0,0,0,0,0,0,0,0,0,0,0,0,0,0,1
2000,2001,c073,c073,840,Подавление Восстание Моро (Вторая Филиппинская война с Моро),"Филиппины, о-ва Минданао",608,PHL,PHP,Philippines,PH,Asia,South-eastern Asia,0,1,0,16,1.0,0.0,0.0,0.0,0.0,0,1,0,1,0,0,1,0,579,278.9253731,1514,0.82,0.3729714568,0,8,2425.43122,0,0,0,0,0,0,0,0,0,0,0,0,0,0,0,0,0,0,0,0,4033.5609,80936.57799,4,0,1,0,0,0,0,0,1,0,0,0,0,0,0,0,0,0,0,1,0,0,0,0,0,0,0,0,1,0,0,0,0,0,0
2000,2001,c074,c074,438,Гвинейская война,Гвинея,324,GIN,GNF,Guinea,GN,Africa,Sub-Saharan Africa,0,1,0,8,0.0,0.0,0.0,0.0,1.0,1,0,0,0,0,0,0,0,324.5,324.5,432,0.736,0.2026927957,0,-1,104.2263335,0,0,0,0,0,0,0,0,0,0,0,0,0,0,0,0,0,0,0,1,1046.5671,7780.073,2,0,0,0,0,0,1,0,0,0,0,0,0,0,0,0,0,0,0,0,0,0,1,0,0,0,0,1,0,0,0,0,0,0,0
2000,2003,c075,c075,666,Вторая Интифада (Интифада Аль-Аксы),Израиль и Палестина,376,ISR,ILS,Israel,IL,Asia,Western Asia,0,1,0,36,0.0,1.0,0.0,0.0,0.0,0,0,0,1,1,0,1,0,310.5,239.9722222,2370,0.333,0.3533394429,0,6,13127.41817,0,0,0,0,0,0,0,0,0,0,0,0,0,0,0,0,0,0,0,0,26058.8406,6123.003196,10,0,1,0,0,0,0,0,1,0,0,0,0,0,0,0,0,0,0,0,0,0,0,1,0,0,0,0,0,0,0,0,0,1,0
2001,2001,c076,c076,517,Четвертая война между хуту и тутси в Руанде (деятельность Демократических сил освобождения Руанды),Руанда,646,RWA,RWF,Rwanda,RW,Africa,Sub-Saharan Africa,0,1,0,4,1.0,0.0,0.0,0.0,0.0,0,0,1,0,0,0,0,1,2044,530.1578947,2044,0.251,0.8354012444,0,-4,90.57485639,1,0,0,0,0,0,0,0,0,0,0,0,0,0,0,0,0,0,0,0,1067.2348,7981.197984,4,0,0,0,0,0,1,0,0,0,0,0,0,0,0,0,0,0,0,0,0,0,1,0,0,0,1,0,0,0,0,0,0,0,0
1994,1995,c077,c077,520,Вторая война за Сомалиленд,"Сомали, Сомалиленд",706,SOM,SOS,Somalia,SO,Africa,Sub-Saharan Africa,0,1,0,12,0.0,0.0,0.0,1.0,0.0,1,0,0,0,0,0,0,0,170.5,1346.733333,8005,0.148,0.09919771425,0,-77,44.9,0,0,0,0,0,0,0,0,0,0,0,0,0,0,0,0,0,0,0,0,99,6960,8,0,1,0,0,0,1,0,0,0,0,0,0,0,0,0,0,0,0,0,0,0,1,0,0,0,0,0,0,0,0,1,0,0,0
2001,2003,c078,c078,790,Гражданская война в Непале (Первое восстание непальских маоистов),Непал,524,NPL,NPR,Nepal,NP,Asia,Southern Asia,0,1,0,14,1.0,0.0,0.0,0.0,0.0,1,0,0,0,0,0,0,1,1905.333333,901.3636364,3946,0.839,0.664151017,0,6,141.7482444,0,0,0,0,0,0,0,0,0,0,1,0,0,0,0,0,0,0,0,0,1738.3142,23887,3,0,1,0,0,0,0,0,1,0,0,0,0,0,0,0,0,0,0,0,1,0,0,0,0,0,0,0,0,0,0,0,0,0,0
2010,2010,c079,c079,703,Беспорядки в Оше (Беспорядки на юге Киргизии),"Киргизия, Ош",417,KGZ,KGS,Kyrgyzstan,KG,Asia,Central Asia,0,1,0,4,0.0,0.0,0.0,0.0,1.0,0,0,1,0,0,0,0,1,56,56,56,0.562,0.9147519857,0,-88,76.4,0,0,0,0,0,0,0,0,0,0,0,0,0,0,0,0,0,0,0,0,3977.6489,5288.866523,2,0,1,0,0,0,0,0,1,0,0,1,0,0,0,0,0,0,0,0,0,0,0,0,0,0,0,0,0,0,0,0,1,0,0
1999,2000,c080,c080,530,Восстание Оромо в Эфиопии,"Эфиопия, регион Оромия",231,ETH,ETB,Ethiopia,ET,Africa,Sub-Saharan Africa,0,1,0,13,1.0,0.0,0.0,0.0,0.0,0,1,0,0,0,0,0,1,195.75,1663,30633,0.789,0.4733379256,0,,1764.210372,0,0,0,0,0,0,0,0,0,1,0,0,0,0,0,0,0,0,0,0,761.9033,63575.38075,6,1,1,0,1,0,1,0,0,0,0,0,0,0,0,0,0,0,0,0,0,0,1,0,0,0,0,0,0,0,0,0,0,0,0
2003,2003,c081,c081,840,Третья Филиппинская война с Моро,"Филиппины, о-ва Минданао",608,PHL,PHP,Philippines,PH,Asia,South-eastern Asia,0,1,0,5,1.0,0.0,0.0,0.0,0.0,0,1,0,0,0,0,0,0,524.5,278.9253731,1514,0.818,0.3729714568,0,8,2683.849989,0,0,0,0,0,0,0,0,0,0,0,0,0,0,0,0,0,0,0,0,4333.2138,86319.69168,8,0,1,0,0,0,0,0,1,0,0,0,0,0,0,0,0,0,0,1,0,0,0,0,0,0,0,0,1,0,0,0,0,0,0
2003,2022,c082,c082,625,Война в Дарфуре,"Судан, Дарфур",729,SDN,SDG,Sudan-North,SD,Africa,Northern Africa,0,1,1,322,1.0,0.0,0.0,0.0,0.0,0,0,1,0,0,0,0,0,826.1578947,1500.939394,4891,0.747,0.07115377352,0,-6,1266.485296,0,0,0,0,0,0,0,0,0,0,0,0,0,0,0,0,0,0,0,0,2373.0569,28661.72277,18,1,0,0,0,0,1,0,0,0,0,0,0,0,0,0,1,0,0,0,0,0,0,0,1,0,0,0,0,0,0,0,0,0,0
2003,2003,c083,c083,645,Вторжение в Ирак,Ирак,368,IRQ,IQD,Iraq,IQ,Asia,Western Asia,0,1,0,2,0.0,0.0,1.0,0.0,0.0,0,0,0,0,1,0,0,0,4094,2919.78125,21790,0.431,0.08558300975,0,-66,2094.7,0,0,0,0,0,0,0,0,0,0,0,0,0,0,0,0,0,0,0,0,3782.4526,26697.99245,5,0,1,0,0,0,0,0,1,0,0,0,0,0,0,0,0,0,0,0,0,0,0,1,0,0,0,0,0,0,0,0,0,1,1
2003,2004,c084,c084,850,Третья Ачехская война (Восстание в Аче),"Индонезия, Ачех",360,IDN,IDR,Indonesia,ID,Asia,South-eastern Asia,0,1,0,12,0.0,0.0,0.0,0.0,1.0,0,1,0,0,0,0,0,0,901.5,239,935,0.797,0.3194463094,0,6,3300.164528,0,0,0,0,0,0,0,0,0,0,0,0,0,1,0,0,0,0,0,1,5938.8778,220548.6058,2,0,1,0,0,0,0,0,1,0,0,0,0,0,0,0,0,0,0,1,0,0,0,0,0,1,0,0,0,0,0,0,0,0,0
2003,2006,c085,c085,790,Гражданская война в Непале (Второе восстание непальских маоистов),Непал,524,NPL,NPR,Nepal,NP,Asia,Southern Asia,0,1,0,39,1.0,0.0,0.0,0.0,0.0,1,0,0,0,0,0,0,1,1195.5,901.3636364,3946,0.842,0.664151017,0,-6,210.3533963,0,0,0,0,0,0,0,0,0,0,1,0,0,0,0,0,0,0,0,0,1747.7766,24645,3,0,1,0,0,0,0,0,1,0,0,0,0,0,0,0,0,0,0,0,1,0,0,0,0,0,0,0,0,0,0,0,0,0,0
2004,2006,c086,c086,475,Вторая христианско-мусульманская война в Нигерии,"Нигерия, преимущественно северо-восток",566,NGA,NGN,Nigeria,NG,Africa,Sub-Saharan Africa,0,1,0,27,1.0,0.0,0.0,0.0,0.0,0,0,0,1,0,0,0,0,75.5,1077,4780,0.851,0.07956895279,0,4,1298.751868,1,0,1,0,0,0,0,0,0,0,1,0,1,0,0,0,1,0,0,0,3136.6274,139901.5422,2,0,0,0,0,0,1,0,0,0,0,0,0,0,0,0,0,0,0,0,0,0,1,0,1,0,0,0,0,0,0,0,0,0,1
2011,2014,c087,c087,645,Конфликт между шиитами и суннитами в Ираке,Ирак,368,IRQ,IQD,Iraq,IQ,Asia,Western Asia,0,1,0,33,1.0,0.0,0.0,0.0,0.0,0,0,0,1,0,0,0,0,4265,2919.78125,21790,0.443,0.08558300975,0,3,4752.61085,0,0,0,0,0,0,0,0,0,0,0,0,0,0,0,0,0,0,0,0,11484,31987.5162,11,0,1,0,0,0,0,0,1,0,0,0,0,0,0,0,0,0,0,0,0,0,0,1,0,0,0,0,0,0,0,0,0,1,0
2006,2009,c088,c088,780,Четвёртая Иламская война (Восстание Тигров освобождения Тамил-Илама),Шри-Ланка,144,LKA,LKR,Sri Lanka,LK,Asia,Southern Asia,0,1,0,34,1.0,0.0,0.0,0.0,0.0,0,1,0,0,0,0,0,0,5722.75,2915.904762,10165,0.338,0.11156946,0,6,1142.760558,1,0,0,0,0,0,0,0,0,0,0,0,0,0,1,0,0,0,0,0,6904.0361,19709.81671,5,0,1,0,0,0,0,0,1,0,0,0,0,0,0,0,0,0,0,0,1,0,0,0,1,0,0,0,0,0,0,0,0,0,0
2004,2014,c089,c089,679,Восстание хуситов в Йемене,Йемен,,,,,,Asia,Western Asia,0,1,0,123,1.0,0.0,0.0,0.0,0.0,1,0,0,1,0,0,1,0,94,1409.66,6647,0.562,0.274,0,-2,3838.5,0,0,0,0,0,0,0,0,0,0,0,0,0,0,0,0,0,0,0,0,669,20730,7,0,0,0,0,0,0,0,1,0,0,0,0,0,0,0,0,0,0,0,0,0,0,1,1,0,0,0,0,0,0,0,0,0,0
2006,2022,c090,c090,70,Война с наркотиками в Мексике,Мексика,484,MEX,MXN,Mexico,MX,Americas,Latin America and the Caribbean,0,1,0,284,0.0,0.0,0.0,0.0,1.0,0,0,0,0,0,1,0,0,37,91,145,0.582,0.4876649309,0,8,2700.696951,0,0,0,0,0,0,0,0,0,1,0,0,0,1,0,0,0,0,0,0,14287.5583,105730.2487,20,0,1,1,0,0,0,1,0,0,0,0,0,0,1,0,0,0,0,0,0,0,0,0,0,0,0,0,1,0,0,0,0,0,0
2008,2008,c091,c091,501,Конфликт в районе горы Элгон (Восстание Сил сухопутной обороны народа Сабаот),Западная Кения,404,KEN,KES,Kenya,KE,Africa,Sub-Saharan Africa,0,1,0,3,0.0,0.0,0.0,0.0,1.0,0,0,1,0,0,0,0,0,50,68.28571429,600,0.856,0.2521222179,0,7,856.4799697,0,0,0,0,0,0,0,0,0,0,0,0,0,0,0,0,0,0,0,0,2357.2325,39441.90543,2,0,1,0,1,0,1,0,0,0,0,0,0,0,0,0,0,0,0,0,0,0,1,0,1,0,0,0,0,0,0,0,0,0,0
2009,2022,c092,c092_1,436,"Восстание Боко Харам [орг., запрещенная в РФ] в районе озера Чад","Район озера Чад (пограничные районы Нигерии, Нигера, Чада и Камеруна)",562,NER,XOF,Niger,NE,Africa,Sub-Saharan Africa,1,0,0,263,0.0,0.0,0.0,0.0,1.0,0,0,0,1,0,0,0,1,249.875,156.1333333,512,0.667,0.01941283258,0,-3,50.03358253,0,0,0,0,0,0,0,0,0,0,0,0,0,0,0,0,0,0,0,0,775.2534,15090.87025,12,1,0,0,0,0,1,0,0,0,0,0,0,0,0,0,0,0,0,0,0,0,1,0,0,0,0,1,0,0,0,0,0,0,0
2009,2022,c092,c092_2,471,"Восстание Боко Харам [орг., запрещенная в РФ] в районе озера Чад","Район озера Чад (пограничные районы Нигерии, Нигера, Чада и Камеруна)",120,CMR,XAF,Cameroon,CM,Africa,Sub-Saharan Africa,1,0,0,263,0.0,0.0,0.0,0.0,1.0,0,0,0,1,0,0,0,0,289.8461538,273.1428571,751,0.562,0.2190661637,0,-4,346.6937624,1,0,0,0,0,0,0,0,0,0,0,0,0,0,0,0,0,0,0,1,2370.1305,20419.0088,12,0,0,0,0,0,1,0,0,0,0,0,0,0,0,0,0,0,0,0,0,0,1,0,0,0,0,1,0,0,0,0,0,0,0
2009,2022,c092,c092_3,475,"Восстание Боко Харам [орг., запрещенная в РФ] в районе озера Чад","Район озера Чад (пограничные районы Нигерии, Нигера, Чада и Камеруна)",566,NGA,NGN,Nigeria,NG,Africa,Sub-Saharan Africa,1,0,0,263,0.0,0.0,0.0,0.0,1.0,0,0,0,1,0,0,0,0,1177.15,1077,4780,0.85,0.07956895279,0,4,2026.290688,1,0,1,0,0,0,0,0,0,0,1,0,1,0,0,0,1,0,0,0,4416.347,160761.9129,12,0,1,0,0,0,1,0,0,0,0,0,0,0,0,0,0,0,0,0,0,0,1,0,1,0,0,0,0,0,0,0,0,0,0
2009,2022,c093,c093,710,Конфликт в Синьцзян-Уйгурском автономном районе Китая,"Китай, Синьцзян-Уйгурский автономный район (СУАР)",156,CHN,CNY,China,CN,Asia,Eastern Asia,0,1,0,263,0.0,0.0,0.0,0.0,1.0,0,1,0,1,0,0,1,0,25,30.5,36,0.178,0.5493395993,0,-7,126379.7988,1,0,1,0,0,0,1,0,0,0,1,0,1,1,1,0,0,1,0,1,8734.0406,1324993.119,2,0,1,0,0,0,0,0,1,0,0,0,1,0,0,0,0,0,0,0,0,0,0,0,0,0,0,0,0,0,0,0,0,0,0
2011,2022,c094,c094,625,Конфликт в Южном Кордофане (Восстание Суданского Революционного Фронта),"Судан, Южный Кордофан и Голубой Нил",729,SDN,SDG,Sudan-North,SD,Africa,Northern Africa,0,1,1,245,1.0,0.0,0.0,0.0,0.0,1,0,0,0,0,0,0,0,643.5454545,1500.939394,4891,0.746,0.07115377352,0,-2,2704.2,0,0,0,0,0,0,0,0,0,0,0,0,0,0,0,0,0,0,0,0,3669,34568.25773,2,1,1,0,0,0,1,0,0,0,0,0,0,0,0,0,1,0,0,0,0,0,0,0,1,0,0,0,0,0,0,0,0,0,0
2013,2020,c095,c095,626,Конфликт между динка и нуэр в Южном Судане (Гражданская война в Южном Судане),Южный Судан,728,SSD,SSP,South Sudan,SS,Africa,Sub-Saharan Africa,1,0,0,65,1.0,0.0,0.0,0.0,0.0,0,0,1,0,0,0,0,1,624.875,492.25,1667,0.562,0.05769241099,0,-4,1716.698151,0,0,0,0,0,0,0,0,0,0,0,0,0,0,0,0,0,0,0,0,1659,11110,7,0,0,0,0,0,1,0,0,0,0,0,0,0,0,0,0,0,0,0,0,0,1,0,1,0,0,0,0,0,0,0,0,0,0
2014,2022,c096,c096,369,Гражданский конфликт на востоке Украины (Восстание в Донбассе)(Война в Донбассе),Восток Украины,804,UKR,UAH,Ukraine,UA,Europe,Eastern Europe,1,0,0,201,1.0,0.0,0.0,0.0,0.0,0,1,0,0,0,0,0,0,710.4545455,710.4545455,1861,0.562,0.04041345885,0,4,3148.657668,0,0,0,0,0,0,0,0,0,0,0,0,0,0,0,0,0,0,0,0,9818,44943.869,7,1,1,0,0,0,0,0,0,1,0,0,0,1,0,0,0,0,0,0,0,0,0,0,0,0,0,0,0,0,0,0,1,0,0
2015,2022,c097,c097,516,Политическое насилие в Бурунди,Бурунди,108,BDI,BIF,Burundi,BI,Africa,Sub-Saharan Africa,0,1,0,192,1.0,0.0,0.0,0.0,0.0,1,0,0,0,0,0,0,1,101.75,431.2380952,1348,0.562,0.6758838545,0,-1,68.9226422,1,0,0,0,0,0,0,0,0,0,0,0,0,0,0,0,0,0,0,0,694,10577,11,1,1,0,0,0,1,0,0,0,0,0,0,0,0,0,0,0,0,0,0,0,1,0,0,0,1,0,0,0,0,0,0,0,0
2015,2022,c098,c098,101,Политическое насилие в Венесуэле,Венесуэла,862,VEN,VED,Venezuela,VE,Americas,Latin America and the Caribbean,0,1,0,197,0.0,0.0,0.0,0.0,1.0,1,0,0,0,0,0,0,0,144,144,144,0.562,0.2552891777,0,4,0.2,0,0,0,0,0,0,0,0,0,0,0,0,0,1,0,0,0,0,0,1,18802,29726.84925,2,0,1,0,0,0,0,1,0,0,0,0,0,0,1,0,0,0,0,0,0,0,0,0,0,0,0,0,1,0,0,0,0,0,0
2017,2022,c099,c099,471,Гражданская война в Камеруне (Восстание в Амбазонии),Камерун,120,CMR,XAF,Cameroon,CM,Africa,Sub-Saharan Africa,0,1,0,166,0.0,0.0,0.0,0.0,1.0,0,1,0,0,0,0,0,0,283.5555556,273.1428571,751,0.562,0.2190661637,0,-4,439.8407125,1,0,0,0,0,0,0,0,0,0,0,0,0,0,0,0,0,0,0,1,2850.2726,25680.02091,2,0,1,0,0,0,1,0,0,0,0,0,0,0,0,0,0,0,0,0,0,0,1,0,0,0,0,1,0,0,0,0,0,0,0
2016,2019,c100,c100,490,Восстание Камвины Нсапу в ДРК,"ДРК, провинции Лулуа, Касаи, Восточное Касаи, Ломами и Санкуру",180,COD,CDF,Congo Kinshasa,CD,Africa,Sub-Saharan Africa,0,1,0,33,1.0,0.0,0.0,0.0,0.0,1,0,0,0,0,0,0,0,781.1666667,813.5333333,4465,0.562,0.1157653341,1,-3,446.1039172,1,0,0,0,0,0,0,0,0,0,0,0,0,0,0,0,0,0,0,1,836,89196.95927,19,1,1,0,0,0,1,0,0,0,0,0,0,0,0,0,0,0,0,0,0,0,1,0,0,0,1,0,0,0,0,0,0,0,0
2016,2022,c101,c101,840,Война с наркотиками на Филиппинах,Филиппины,608,PHL,PHP,Philippines,PH,Asia,South-eastern Asia,0,1,0,187,1.0,0.0,0.0,0.0,0.0,0,0,0,0,0,1,0,0,206.7058824,278.9253731,1514,0.562,0.3729714568,0,8,3629.270399,0,0,0,0,0,0,0,0,0,0,0,0,0,0,0,0,0,0,0,0,7410,108644.6823,2,0,1,0,0,0,0,0,1,0,0,0,0,0,0,0,0,0,0,1,0,0,0,0,0,0,0,0,1,0,0,0,0,0,0
2020,2020,c102,c102,373,Вторая карабахская война,"Азербайджан, Нагорный Карабах",31,AZE,AZN,Azerbaijan,AZ,Asia,Western Asia,0,1,1,2,0.0,0.0,1.0,0.0,0.0,0,1,0,0,1,0,1,1,7646,771.0588235,7646,0.562,0.4539061133,0,,2237.764706,0,0,0,0,0,0,0,0,0,0,0,0,0,0,0,0,0,1,0,0,4229,10900,2,0,0,0,0,0,0,0,1,0,0,0,0,0,0,0,0,0,0,0,0,0,0,1,0,0,0,0,0,0,0,0,1,0,0
2020,2022,c103,c103,530,Гражданская война в Эфиопии (конфликты в Тиграе и Оромии) (война в Тыграе),Эфиопия,231,ETH,ETB,Ethiopia,ET,Africa,Sub-Saharan Africa,1,0,0,24,1.0,0.0,0.0,0.0,0.0,0,1,0,0,0,0,0,1,2633.5,1663,30633,0.562,0.4733379256,0,,504.0660883,0,0,0,0,0,0,0,0,0,1,0,0,0,0,0,0,0,0,0,0,918,117200,10,0,1,0,0,0,1,0,0,0,0,0,0,0,0,0,0,0,0,0,0,0,1,0,0,0,0,0,0,0,0,0,0,0,0
2005,2022,c104,c104_1,630,Конфликт в Белуджистане (восстание Белуджи),"Запад Пакистана и юго-восток Ирана, Белуджистан",364,IRN,IRR,Iran,IR,Asia,Southern Asia,0,1,0,296,0.0,0.0,0.0,0.0,1.0,0,1,0,0,0,0,0,0,102.1111111,87.11111111,461,0.562,0.5708934295,0,-6,6050.1,0,0,0,0,0,0,0,0,1,0,0,0,0,0,0,0,0,0,0,0,13110.1423,70136.75101,19,0,1,0,0,0,0,0,1,0,0,0,0,0,0,0,0,0,0,0,1,0,0,0,0,0,0,0,0,0,0,0,0,0,0
2005,2022,c104,c104_2,770,Конфликт в Белуджистане (восстание Белуджи),"Запад Пакистана и юго-восток Ирана, Белуджистан",586,PAK,PKR,Pakistan,PK,Asia,Southern Asia,0,1,0,296,0.0,0.0,0.0,0.0,1.0,0,1,0,0,0,0,0,0,931.2121212,815.1315789,6303,0.724,0.3581278293,0,-5,6050.144467,1,0,1,0,0,0,0,0,0,0,0,5,0,0,0,0,1,0,0,0,3883.9345,165074.6364,19,0,1,0,0,0,0,0,1,0,0,0,0,0,0,0,0,0,0,0,1,0,0,0,1,0,0,0,0,0,0,0,0,0,0
1963,2022,c105,c105,850,Восстание в Западном Папуа (Конфликт в Западном Папуа),"Индонезия, Западный Папуа",360,IDN,IDR,Indonesia,ID,Asia,South-eastern Asia,0,1,0,720,0.0,0.0,0.0,0.0,1.0,0,1,0,0,0,0,0,0,239,239,935,0.717,0.3194463094,0,-5,33.2,0,0,0,0,0,0,0,0,0,0,0,0,0,1,0,0,0,0,0,1,1557,101674.261,5,0,0,0,0,0,0,0,1,0,0,0,0,0,0,0,0,0,0,1,0,0,0,0,0,1,0,0,0,0,0,0,0,0,0
1969,1994,c106,c106,200,Восстание в Северной Ирландии (Конфликт в Северной Ирландии),"Великобритания, Северная Ирландия",826,GBR,GBP,United Kingdom,GB,Europe,Northern Europe,0,1,0,307,0.0,0.0,0.0,0.0,1.0,0,1,0,0,0,0,0,0,36,34.25,44,0.313,0.1274758241,0,10,44583.67969,0,0,0,0,0,0,0,0,0,0,0,0,0,0,0,0,0,0,0,0,16820,55461,13,0,0,0,0,0,0,0,0,1,0,0,0,0,0,0,0,0,1,0,0,0,0,0,0,0,0,0,0,0,0,0,0,0,0
1975,1992,c107,c107,771,Восстание в Читтагонгском горном районе (Конфликт в Читтагонгском горном районе),"Бангладеш, Читтагонгский горный район",50,BGD,BDT,Bangladesh,BD,Asia,Southern Asia,0,1,0,204,0.0,0.0,0.0,0.0,1.0,0,1,0,0,0,0,0,0,32,43.28571429,62,0.044,0.005997524286,0,-7,238.4732919,0,0,0,0,0,0,0,0,0,0,0,0,0,0,0,0,0,0,0,0,843,76152.535,2,0,0,0,0,0,0,0,1,0,0,0,0,0,0,0,0,0,0,0,1,0,0,0,1,0,0,0,0,0,0,0,0,0,0
1975,2005,c108,c108,540,"Восстание в Кабинде (Конфликт в Кабинде, Кабиндская война)","Ангола, регион Кабинда",24,AGO,AOA,Angola,AO,Africa,Sub-Saharan Africa,1,0,0,356,1.0,0.0,0.0,0.0,0.0,0,1,0,0,0,0,0,0,1389.227273,1096.892857,12054,0.779,0.1425038281,1,-7,167.9,0,0,0,0,0,0,0,0,0,0,0,0,0,0,0,0,0,0,0,1,1710,5885.455,3,0,0,0,0,0,1,0,0,0,0,0,0,0,0,0,0,0,0,0,0,0,1,0,0,0,0,0,0,1,0,0,0,0,0
1999,1999,c109,c109,645,Гражданский конфликт в Ираке (Восстание шиитов в Ираке) (Второе восстание Садра),Ирак,368,IRQ,IQD,Iraq,IQ,Asia,Western Asia,0,1,0,2,0.0,0.0,0.0,0.0,1.0,1,0,0,0,0,0,0,0,200,200,200,0.425,0.08558300975,0,-9,0.5,0,0,0,0,0,0,0,0,0,0,0,0,0,0,0,0,0,0,0,0,3157.1125,23738.78829,3,0,1,0,0,0,0,0,1,0,0,0,0,0,0,0,0,0,0,0,0,0,0,1,0,0,0,0,0,0,0,0,0,1,0
1979,1992,c110,c110,92,Гражданская война на Сальвадоре,Сальвадор,222,SLV,USD,El Salvador,SV,Americas,Latin America and the Caribbean,0,1,0,148,1.0,0.0,0.0,0.0,0.0,1,0,0,0,0,0,0,0,1953.666667,1953.666667,4924,0.186,0.4699695333,0,-77,359.9017914,0,0,0,0,0,0,0,0,0,0,0,0,0,0,0,0,0,0,0,0,4194,4511.75,4,0,1,0,0,0,0,1,0,0,0,0,0,0,1,0,0,0,0,0,0,0,0,0,0,0,0,0,1,0,0,0,0,0,0
1981,1992,c111,c111,541,Гражданская война в Мозамбике,Мозамбик,508,MOZ,MZN,Mozambique,MZ,Africa,Sub-Saharan Africa,1,0,0,138,1.0,0.0,0.0,0.0,0.0,1,0,0,0,0,0,0,0,1090.25,540,1577,0.562,0.1741062962,1,-8,103.0648014,1,1,1,1,1,0,0,0,0,0,0,0,1,0,0,0,0,0,0,0,1940,12363.234,9,0,1,0,1,0,1,0,0,0,0,0,0,0,0,0,0,0,0,0,0,0,1,0,0,0,0,0,0,1,0,0,0,0,0
1989,1993,c112,c112,750,Этнический конфликт в Пенджабе,"Индия, Пенджаб",356,IND,INR,India,IN,Asia,Southern Asia,0,1,0,47,1.0,0.0,0.0,0.0,0.0,0,1,0,0,0,0,0,0,482.2608696,258.9872611,2673,0.562,0.1975898628,1,8,21218.68993,1,1,1,0,0,0,0,0,0,0,1,0,0,0,1,1,0,0,1,1,2024,822000,5,0,1,1,0,0,0,0,1,0,0,0,0,0,0,0,0,0,0,0,1,0,0,0,1,0,0,0,0,0,0,0,0,0,1
1990,1997,c113,c113_1,432,Восстание Туарегов в Нигере и Мали,Северный Мали; Нигер,466,MLI,XOF,Mali,ML,Africa,Sub-Saharan Africa,0,1,0,93,0.0,0.0,0.0,0.0,1.0,0,1,0,0,0,0,0,1,207.3333333,199.9615385,836,0.852,0.005986957819,0,-7,50.96463578,0,0,0,0,0,0,0,0,0,0,0,0,0,0,0,0,0,0,0,1,1191,8084.632,6,0,0,0,0,0,1,0,0,0,0,0,0,0,0,0,0,0,0,0,0,0,1,0,0,0,0,1,0,0,0,0,0,0,0
1990,1997,c113,c113_2,436,Восстание Туарегов в Нигере и Мали,Северный Мали; Нигер,562,NER,XOF,Niger,NE,Africa,Sub-Saharan Africa,0,1,0,93,0.0,0.0,0.0,0.0,1.0,0,1,0,0,0,0,0,1,43,156.1333333,512,0.67,0.01941283258,0,-4,14.8,0,0,0,0,0,0,0,0,0,0,0,0,0,0,0,0,0,0,0,0,872,7841.73,6,0,0,0,0,0,1,0,0,0,0,0,0,0,0,0,0,0,0,0,0,0,1,0,0,0,0,1,0,0,0,0,0,0,0
1991,1993,c114,c114,501,Земельный конфликт между Календжин и Масаи в Кении,"Кения, провинция Рифт-Валли",404,KEN,KES,Kenya,KE,Africa,Sub-Saharan Africa,0,1,0,23,0.0,0.0,0.0,0.0,1.0,0,0,1,0,0,0,0,0,40,68.28571429,94,0.859,0.2521222179,0,-5,953.2215801,0,0,0,0,0,0,0,0,0,0,0,0,0,0,0,0,0,0,0,0,1777.7838,24104.61388,3,0,0,0,1,0,1,0,0,0,0,0,0,0,0,0,0,0,0,0,0,0,1,0,1,0,0,0,0,0,0,0,0,0,0
1991,1994,c115,c115,522,Гражданская война в Джибути (Восстание Фронта за восстановление единства и демократии),Северный Джибути,262,DJI,DJF,Djibouti,DJ,Africa,Sub-Saharan Africa,0,1,0,38,0.0,0.0,0.0,0.0,1.0,1,0,0,0,0,0,0,0,65,53.33333333,129,0.652,0.5396024,0,-8,70.08843076,0,0,0,0,0,0,0,0,0,0,0,0,0,0,0,0,0,0,0,0,2013.3427,552,3,0,0,0,0,0,1,0,0,0,0,0,0,0,0,0,0,0,0,0,0,0,1,0,0,0,0,1,0,0,0,0,0,0,0
1991,1993,c116,c116,520,Первая война за Сомалиленд,"Сомали, Сомалиленд",706,SOM,SOS,Somalia,SO,Africa,Sub-Saharan Africa,0,1,0,29,0.0,0.0,0.0,1.0,0.0,1,0,0,0,0,0,0,0,3061.333333,1346.733333,8005,0.138,0.09919771425,0,-77,44.9,0,0,0,0,0,0,0,0,0,0,0,0,0,0,0,0,0,0,0,0,99,6733,8,0,1,0,0,0,1,0,0,0,0,0,0,0,0,0,0,0,0,0,0,0,1,0,0,0,0,0,0,0,0,1,0,0,0
1992,1999,c117,c117,651,Вооруженная деятельность исламских фундаменталистов в Египте,Египет,818,EGY,EGP,Egypt,EG,Africa,Northern Africa,0,1,0,42,0.0,0.0,0.0,0.0,1.0,0,0,0,1,0,0,0,0,102.8333333,257.4117647,767,0.015,0.1018153453,0,-6,3609.405408,0,0,0,0,0,0,0,0,0,0,0,1,0,0,0,0,0,0,0,0,4338.9538,58583.48833,2,0,1,0,1,0,1,0,0,0,0,0,0,0,0,0,1,0,0,0,0,0,0,0,0,0,0,0,0,0,0,0,0,1,0
1992,2022,c118,c118,433,Восстание в Казамансе (Конфликт в Казамансе),"Сенегал, Казаманс",686,SEN,XOF,Senegal,SN,Africa,Sub-Saharan Africa,0,1,0,386,0.0,0.0,0.0,0.0,1.0,0,1,0,0,0,0,0,0,146.1111111,137.3,319,0.777,0.0002922077792,0,-1,106.5745333,0,0,0,0,0,0,0,0,0,0,0,0,0,0,0,0,0,0,0,0,1942.9267,8448.858015,3,0,0,0,0,0,1,0,0,0,0,0,0,0,0,0,0,0,0,0,0,0,1,0,0,0,0,1,0,0,0,0,0,0,0
1993,1993,c119,c119,484,Первая война в Республике Конго (Восстание ниндзя в Республике Конго),"Республика Конго, департамент Пулл",178,COG,XAF,Congo Brazzaville,CG,Africa,Sub-Saharan Africa,0,1,0,7,1.0,0.0,0.0,0.0,0.0,1,0,0,0,0,0,0,0,53,2370.666667,10033,0.707,0.02384835074,0,5,182.3584954,0,0,0,0,0,0,0,0,0,0,0,0,0,0,0,0,0,0,0,1,3874.1698,2474.020751,6,0,0,0,0,0,1,0,0,0,0,0,0,0,0,0,0,0,0,0,0,0,1,0,0,0,0,1,0,0,0,0,0,0,0
1993,1993,c120,c120,490,Этнические конфликты между Хунду и Хуту в Масиси,"ДРК, Северный Киву, провинция Масиси",180,COD,CDF,Congo Kinshasa,CD,Africa,Sub-Saharan Africa,0,1,0,4,1.0,0.0,0.0,0.0,0.0,0,0,1,0,0,0,0,0,53,813.5333333,4465,0.562,0.1157653341,1,-77,214.2392779,1,0,0,0,0,0,0,0,0,0,0,0,0,0,0,0,0,0,0,1,563.7109,43175.46092,3,0,0,0,0,0,1,0,0,0,0,0,0,0,0,0,0,0,0,0,0,0,1,0,0,0,1,0,0,0,0,0,0,0,0
1994,1997,c121,c121,70,Конфликт в Чьяпасе (восстание Сапатистов),"Мексика, штат Чьяпас",484,MEX,MXN,Mexico,MX,Americas,Latin America and the Caribbean,0,1,0,47,0.0,0.0,0.0,0.0,1.0,1,0,0,0,0,0,0,0,91,91,145,0.571,0.4876649309,0,4,3098.410488,0,0,0,0,0,0,0,0,0,1,0,0,0,1,0,0,0,0,0,0,10721.0082,90755.64104,3,0,1,1,0,0,0,1,0,0,0,0,0,0,1,0,0,0,0,0,0,0,0,0,0,0,0,0,1,0,0,0,0,0,0
1994,1994,c122,c122,452,Племенная война между Конокомба и Нанумба на севере Ганы,Северная Гана,288,GHA,GHS,Ghana,GH,Africa,Sub-Saharan Africa,0,1,0,7,0.0,0.0,0.0,0.0,1.0,0,0,1,0,0,0,0,0,1500,1500,1500,0.736,0.02939629615,1,-1,42.4641027,0,1,0,0,0,0,0,0,0,0,0,0,0,0,0,0,0,0,0,1,1813.6117,16874.27654,4,0,0,0,1,0,1,0,0,0,0,0,0,0,0,0,0,0,0,0,0,0,1,0,1,0,0,0,0,0,0,0,0,0,0
1997,1997,c123,c123,339,Гражданская война в Албании,Албания,8,ALB,ALL,Albania,AL,Europe,Southern Europe,1,0,0,7,1.0,0.0,0.0,0.0,0.0,1,0,0,0,0,0,0,0,2000,2000,2000,0.111,0.6303279643,0,5,80.71607855,0,0,0,0,0,0,0,0,0,0,0,0,0,0,0,0,0,0,0,0,3526.9856,3231.231807,2,0,1,0,0,0,0,0,0,1,0,0,0,0,0,0,0,0,0,0,0,1,0,0,0,0,0,0,0,0,0,0,0,1,0
1998,2003,c124,c124,940,Гражданский конфликт на Соломоновых островах,"Соломоновы острова, пров. Гуадалканал и г. Хониара",90,SLB,SBD,Solomon Islands,SB,Oceania,Melanesia,1,0,0,56,0.0,0.0,0.0,0.0,1.0,0,0,1,0,0,0,0,0,,,,0.107,0.5113450926,1,8,20.85,0,0,0,0,0,0,0,0,0,0,0,0,0,0,0,0,0,0,0,0,1121,408,3,0,0,0,0,0,0,0,0,0,1,0,0,0,0,1,0,0,0,0,0,0,0,0,1,0,0,0,0,0,0,0,0,0,0
1998,2002,c125,c125,540,Третья гражданская война в Анголе,Ангола,24,AGO,AOA,Angola,AO,Africa,Sub-Saharan Africa,1,0,0,38,1.0,0.0,0.0,0.0,0.0,1,0,0,0,0,0,0,0,855.4285714,1096.892857,12054,0.776,0.1425038281,1,-6,272.9101306,0,0,0,0,0,0,0,0,0,0,0,0,0,0,0,0,0,0,0,1,1811.1681,10990.12133,3,0,1,0,0,0,1,0,0,0,0,0,0,0,0,0,0,0,0,0,0,0,1,0,0,0,0,0,0,1,0,0,0,0,0
2001,2001,c126,c126,850,Конфликт между даяками и иммигрантами-мадурцами в Сампите,"Индонезия, пров. Калимантан, г. Сампит",360,IDN,IDR,Indonesia,ID,Asia,South-eastern Asia,0,1,0,0,0.0,0.0,0.0,0.0,1.0,0,0,1,0,0,0,0,0,278,239,935,0.794,0.3194463094,0,6,2030.425853,0,0,0,0,0,0,0,0,0,0,0,0,0,1,0,0,0,0,0,1,5526.1473,214475.075,2,0,1,0,0,0,0,0,1,0,0,0,0,0,0,0,0,0,0,1,0,0,0,0,0,1,0,0,0,0,0,0,0,0,0
2001,2001,c127,c127,2,"Террористическая атака Аль-Каиды [орг., запрещенная в РФ] на США","США, г. Вашингтон и г. Нью-Йорк",840,USA,USD,United States,US,Americas,Northern America,0,1,0,0,0.0,0.0,1.0,0.0,0.0,0,0,0,1,0,0,0,0,1583,301.9444444,1583,0.562,0.3010329605,1,10,484986.8,1,1,1,1,1,0,1,0,1,1,5,1,1,1,1,0,0,1,1,0,45878.0092,285550.1198,2,0,1,0,0,0,0,1,0,0,0,0,0,0,0,0,0,1,0,0,0,0,0,0,1,0,0,0,0,0,0,0,0,0,0
2001,2022,c128,c128,750,Конфликт между правительством Индии и маоистами (Восстание маоистов в Индии),"Индия, ""Красный корридор""",356,IND,INR,India,IN,Asia,Southern Asia,0,1,0,336,1.0,0.0,0.0,0.0,0.0,1,0,0,0,0,0,0,0,221.247191,258.9872611,2673,0.562,0.1975898628,1,9,31801.82395,1,1,1,0,0,0,0,0,0,0,1,0,0,0,1,1,0,0,1,1,2837.8555,1024322.054,15,0,1,1,0,0,0,0,1,0,0,0,0,0,0,0,0,0,0,0,1,0,0,0,1,0,0,0,0,0,0,0,0,0,0
2003,2003,c129,c129,800,Война с наркотиками в Таиланде,"Таиланд, провинции Наративат, Яла, Сонгкла, Паттани",764,THA,THB,Thailand,TH,Asia,South-eastern Asia,0,1,0,2,0.0,0.0,0.0,0.0,1.0,0,0,0,0,0,1,0,0,26,105.4210526,212,0.359,0.3099151542,0,9,3494.897491,5,0,0,0,0,0,0,1,0,0,0,0,0,1,0,0,0,0,1,0,10868.8355,63302.67389,2,0,1,1,1,0,0,0,1,0,0,0,0,0,0,0,0,0,0,1,0,0,0,0,0,0,0,0,0,0,0,0,0,0,0
2003,2003,c130,c130,484,Второе восстание ниндзя в Республике Конго (Первая война в Республике Конго),"Республика Конго, департамент Пулл",178,COG,XAF,Congo Brazzaville,CG,Africa,Sub-Saharan Africa,0,1,0,12,1.0,0.0,0.0,0.0,0.0,1,0,0,0,0,0,0,0,167,2370.666667,10033,0.707,0.02384835074,0,-4,152.8449314,0,0,0,0,0,0,0,0,0,0,0,0,0,0,0,0,0,0,0,1,4467.904,3273.9757,6,0,0,0,0,0,1,0,0,0,0,0,0,0,0,0,0,0,0,0,0,0,1,0,0,0,0,1,0,0,0,0,0,0,0
2004,2007,c131,c131,41,Политический конфликт на Гаити,Гаити,332,HTI,HTG,Haiti,HT,Americas,Latin America and the Caribbean,1,0,0,27,0.0,0.0,0.0,0.0,1.0,1,0,0,0,0,0,0,0,207,138.3333333,207,0.105,0.54959035,0,-88,0,0,0,0,0,0,0,0,0,0,0,0,0,0,0,0,0,0,0,0,0,1439.2077,8900,4,0,0,0,0,0,0,1,0,0,0,0,0,0,1,0,0,0,0,0,0,0,0,0,0,0,0,1,0,0,0,0,0,0,0
2004,2022,c132,c132,800,Конфликт в Южном Таиланде (Восстание малайцев-мусульман в Таиланде),Южный Таиланд,764,THA,THB,Thailand,TH,Asia,South-eastern Asia,0,1,0,308,0.0,0.0,0.0,0.0,1.0,0,1,1,1,0,1,1,0,109.8333333,105.4210526,212,0.358,0.3099151542,0,9,3254.720371,5,0,0,0,0,0,0,1,0,0,0,0,0,1,0,0,0,0,1,0,11408.3257,63697.28267,2,0,1,1,1,0,0,0,1,0,0,0,0,0,0,0,0,0,0,1,0,0,0,0,0,0,0,0,0,0,0,0,0,0,0
2004,2022,c133,c133,640,Турецко-курдский конфликт,Юго-Восток Турции,792,TUR,TRY,Turkey,TR,Asia,Western Asia,0,1,0,308,1.0,0.0,0.0,0.0,0.0,0,1,0,0,0,0,0,0,501.2727273,865.1463415,4336,0.443,0.7079405305,0,7,9585.246202,0,0,0,0,0,0,0,0,0,0,1,0,0,0,0,0,0,0,0,0,13423.7946,71358.42762,2,0,1,0,0,0,0,0,1,0,0,0,0,0,0,0,0,0,0,0,0,0,0,1,0,0,0,0,0,0,0,0,0,0,0
2007,2008,c134,c134,660,Конфликт с исламистами в Ливане,"Ливан, г. Нахр аль-Баред, Триполи, Айн аль-Хильве",422,LBN,LBP,Lebanon,LB,Asia,Western Asia,0,1,1,4,0.0,0.0,0.0,0.0,1.0,0,0,0,1,0,0,0,0,160,336.6,711,0.132,0.85676424,0,6,3200.621142,0,0,0,0,0,0,0,0,0,0,0,0,0,0,0,0,0,1,0,0,11276.5067,5356.883248,5,0,1,0,0,0,0,0,1,0,0,0,0,0,0,0,0,0,0,0,0,0,0,1,0,0,0,0,0,0,0,0,0,1,0
2007,2018,c135,c135,530,Восстание в Огадене,"Эфиопия, Огаден",231,ETH,ETB,Ethiopia,ET,Africa,Sub-Saharan Africa,0,1,0,294,1.0,0.0,0.0,0.0,0.0,0,1,0,0,0,0,0,1,62.89473684,1663,30633,0.786,0.4733379256,0,,600.2799061,0,0,0,0,0,0,0,0,0,1,0,0,0,0,0,0,0,0,0,0,936.3744,78410.72312,6,0,1,0,1,0,1,0,0,0,0,0,0,0,0,0,0,0,0,0,0,0,1,0,0,0,0,0,0,0,0,0,0,0,0
2007,2008,c136,c136,501,Гражданский конфликт в Кении,Кения,404,KEN,KES,Kenya,KE,Africa,Sub-Saharan Africa,0,1,0,2,0.0,0.0,0.0,0.0,1.0,1,0,0,0,0,0,0,0,60,68.28571429,94,0.856,0.2521222179,0,7,897.3933672,0,0,0,0,0,0,0,0,0,0,0,0,0,0,0,0,0,0,0,0,2380.7763,38248.61835,2,0,1,0,1,0,1,0,0,0,0,0,0,0,0,0,0,0,0,0,0,0,1,0,1,0,0,0,0,0,0,0,0,0,0
2010,2022,c137,c137,475,Столкновения на религиозной почве в Нигерии,"Нигерия, регионы Джос и Плато",566,NGA,NGN,Nigeria,NG,Africa,Sub-Saharan Africa,0,1,0,254,1.0,0.0,0.0,0.0,0.0,0,0,0,1,0,0,0,0,1217.789474,1077,4780,0.85,0.07956895279,0,4,2379.049203,1,0,1,0,0,0,0,0,0,0,1,0,1,0,0,0,1,0,0,0,4904.8659,165156.0004,3,0,1,0,0,0,1,0,0,0,0,0,0,0,0,0,0,0,0,0,0,0,1,0,1,0,0,0,0,0,0,0,0,0,1
2011,2022,c138,c138,651,Восстание исламистов на Синайском полуострове,"Египет, Синайский полуостров",818,EGY,EGP,Egypt,EG,Africa,Northern Africa,0,1,0,143,0.0,0.0,0.0,0.0,1.0,0,0,0,1,0,0,0,0,341.7272727,257.4117647,767,0.038,0.1018153453,0,-2,4811.629628,0,0,0,0,0,0,0,0,0,0,0,1,0,0,0,0,0,0,0,0,10737,85619.453,2,0,1,0,0,0,1,0,0,0,0,0,0,0,0,0,1,0,0,0,0,0,0,0,0,0,0,0,0,0,0,0,0,1,0
2011,2011,c139,c139,651,Беспорядки в Египте (часть Арабской весны),Египет,818,EGY,EGP,Egypt,EG,Africa,Northern Africa,0,1,0,1,0.0,0.0,0.0,0.0,1.0,1,0,0,0,0,0,0,0,767,767,767,0.038,0.1018153453,0,-2,4811.629628,0,0,0,0,0,0,0,0,0,0,0,1,0,0,0,0,0,0,0,0,10737,85619.453,3,0,1,0,0,0,1,0,0,0,0,0,0,0,0,0,1,0,0,0,0,0,0,0,0,0,0,0,0,0,0,0,0,1,0
2013,2014,c140,c140,651,Политический конфликт в Египте (военный переворот и последующее политическое насилие),Египет,818,EGY,EGP,Egypt,EG,Africa,Northern Africa,0,1,0,11,0.0,0.0,0.0,0.0,1.0,1,0,0,0,0,0,0,0,184,257.4117647,767,0.041,0.1018153453,0,-4,4641.145131,0,0,0,0,0,0,0,0,0,0,0,1,0,0,0,0,0,0,0,0,10775,90122.67289,3,1,1,0,0,0,1,0,0,0,0,0,0,0,0,0,1,0,0,0,0,0,0,0,0,0,0,0,0,0,0,0,0,1,0
2013,2015,c141,c141,490,Восстание Май Май в ДРК,"ДРК, Катанга",180,COD,CDF,Congo Kinshasa,CD,Africa,Sub-Saharan Africa,0,1,1,22,1.0,0.0,0.0,0.0,0.0,0,1,0,0,0,0,0,0,404.75,813.5333333,4465,0.562,0.1157653341,1,5,403.1406201,1,0,0,0,0,0,0,0,0,0,0,0,0,0,0,0,0,0,0,1,751,80534.13986,3,0,1,0,0,0,1,0,0,0,0,0,0,0,0,0,0,0,0,0,0,0,1,0,0,0,1,0,0,0,0,0,0,0,0
1988,1998,c142,c142,910,Восстание в Бугенвиле (Конфликт в Бугенвиле),"Папуа - Новая Гвинея, Бугенвиль",598,PNG,PGK,Papua New Guinea,PG,Oceania,Melanesia,0,1,1,113,0.0,0.0,0.0,0.0,1.0,0,1,0,0,0,0,0,0,42.83333333,42.83333333,78,0.562,0.4617140042,0,4,98.83045677,0,0,0,0,0,0,0,0,0,0,0,0,0,0,0,0,0,0,0,0,578,305,2,0,0,0,0,0,0,0,0,0,1,0,0,0,0,1,0,0,0,0,0,0,0,0,1,0,0,0,0,0,0,0,0,0,0
1998,2012,c143,c143,520,Конфликт между Пунтлендом и Сомалилендом,"Пунтленд, Сомали",706,SOM,SOS,Somalia,SO,Africa,Sub-Saharan Africa,1,0,0,167,0.0,0.0,0.0,1.0,0.0,0,1,0,0,0,0,0,0,1347.444444,1346.733333,8005,0.162,0.09919771425,0,-77,44.9,0,0,0,0,0,0,0,0,0,0,0,0,0,0,0,0,0,0,0,0,99,8057,13,0,0,0,0,0,1,0,0,0,0,0,0,0,0,0,0,0,0,0,0,0,1,0,0,0,0,0,0,0,0,1,0,0,0